id	file	taken	lat	lon	alt	w	h	camera	error
P001	2023-03-18 15-54-47.JPG	2023-03-18 15:54:47				4000	2252	Galaxy S23 Ultra	
P002	2023-03-18 15-54-53.JPG	2023-03-18 15:54:53				4000	2252	Galaxy S23 Ultra	
P003	2023-03-23 17-52-20.JPG	2023-03-23 17:52:20				4000	2252	Galaxy S23 Ultra	
P004	2023-03-23 17-52-38.JPG	2023-03-23 17:52:38				4000	2252	Galaxy S23 Ultra	
P005	2023-03-23 17-54-20.JPG	2023-03-23 17:54:20				4000	2252	Galaxy S23 Ultra	
P006	2023-04-18 08-02-08.JPG	2023-04-18 08:02:08				4000	2252	Galaxy S23 Ultra	
P007	2023-04-18 08-02-36.JPG	2023-04-18 08:02:36				4000	2252	Galaxy S23 Ultra	
P008	2023-04-18 08-03-30.JPG	2023-04-18 08:03:30				4000	2252	Galaxy S23 Ultra	
P009	2023-04-18 08-04-45.JPG	2023-04-18 08:04:45				4000	2252	Galaxy S23 Ultra	
P010	2023-04-18 08-04-51.JPG	2023-04-18 08:04:51				4000	2252	Galaxy S23 Ultra	
P011	2023-04-18 08-57-10.JPG	2023-04-18 08:57:10				4000	2252	Galaxy S23 Ultra	
P012	2023-05-27 12-25-43.JPG	2023-05-27 12:25:43				4000	2252	Galaxy S23 Ultra	
P013	2023-05-27 12-25-50.JPG	2023-05-27 12:25:50				4000	2252	Galaxy S23 Ultra	
P014	2023-05-30 20-27-22.JPG	2023-05-30 20:27:22				4000	2252	Galaxy S23 Ultra	
P015	2023-05-30 20-49-31.JPG	2023-05-30 20:49:31				4000	2252	Galaxy S23 Ultra	
P016	2023-06-26 18-38-03.JPG	2023-06-26 18:38:03	55.56059	37.46846	190	4000	2252	Galaxy S23 Ultra	
P017	2023-06-29 15-41-13.JPG	2023-06-29 15:41:13	55.69738	37.5566	203	4000	2252	Galaxy S23 Ultra	
P018	2023-06-30 22-18-21.JPG	2023-06-30 22:18:21	55.62264	37.42197	214	4000	2252	Galaxy S23 Ultra	
P019	2023-06-30 22-18-29.JPG	2023-06-30 22:18:29	55.62263	37.42195	214	4000	2252	Galaxy S23 Ultra	
P020	2023-06-30 23-07-57.JPG	2023-06-30 23:07:57	55.62288	37.42105	214	4000	2252	Galaxy S23 Ultra	
P021	2023-07-01 16-02-41.JPG	2023-07-01 16:02:41	55.71668	37.55516	144	4000	2252	Galaxy S23 Ultra	
P022	2023-07-01 16-11-25.JPG	2023-07-01 16:11:25	55.71705	37.55399	144	4000	2252	Galaxy S23 Ultra	
P023	2023-08-05 15-12-01.JPG	2023-08-05 15:12:01	55.82688	37.63651	160	4000	2252	Galaxy S23 Ultra	
P024	2023-08-05 15-17-56.JPG	2023-08-05 15:17:56	55.83008	37.63	166	4000	2252	Galaxy S23 Ultra	
P025	2023-08-05 15-17-58.JPG	2023-08-05 15:17:58	55.83008	37.63	169	4000	2252	Galaxy S23 Ultra	
P026	2023-08-05 15-21-24.JPG	2023-08-05 15:21:24	55.82987	37.62849	165	4000	2252	Galaxy S23 Ultra	
P027	2023-08-24 16-23-57.JPG	2023-08-24 16:23:57	55.67662	37.50003	0	4000	2252	Galaxy S23 Ultra	
P028	2023-11-17 20-21-38.JPG	2023-11-17 20:21:38	55.62177	37.42408	199	4000	2252	Galaxy S23 Ultra	
P029	2023-12-25 19-51-57.JPG	2023-12-25 19:51:57	55.75198	37.6105	161	4000	2252	Galaxy S23 Ultra	
P030	2023-12-25 22-13-00.JPG	2023-12-25 22:13:00	55.74886	37.58211	159	4000	2252	Galaxy S23 Ultra	
P031	20230223_115721.jpg	2023-02-23 11:57:21				4000	3000	Galaxy S23 Ultra	
P032	20230223_115831.jpg	2023-02-23 11:58:31				4000	3000	Galaxy S23 Ultra	
P033	20230223_122825.jpg	2023-02-23 12:28:25				4000	3000	Galaxy S23 Ultra	
P034	20230223_125332.jpg	2023-02-23 12:53:34				4000	3000	Galaxy S23 Ultra	
P035	2024-02-02 20-40-30.JPG	2024-02-02 20:40:30	55.7424	37.60689	0	4000	2252	Galaxy S23 Ultra	
P036	2024-02-02 20-53-57.JPG	2024-02-02 20:53:57	55.7409	37.60674	0	4000	2252	Galaxy S23 Ultra	
P037	2024-02-02 21-10-52.JPG	2024-02-02 21:10:52	55.74251	37.60677	0	4000	2252	Galaxy S23 Ultra	
P038	2024-02-10 22-07-09.JPG	2024-02-10 22:07:09	55.70762	37.58846	167	4000	2252	Galaxy S23 Ultra	
P039	2024-02-10 22-07-13.JPG	2024-02-10 22:07:13	55.70762	37.58846	167	4000	2252	Galaxy S23 Ultra	
P040	2024-02-17 13-25-13.JPG	2024-02-17 13:25:13	55.56881	37.47955	197	4000	2252	Galaxy S23 Ultra	
P041	2024-02-17 13-25-31.JPG	2024-02-17 13:25:31	55.56881	37.47955	197	4000	2252	Galaxy S23 Ultra	
P042	2024-02-17 15-19-40.JPG	2024-02-17 15:19:40	55.75209	37.59283	166	4000	2252	Galaxy S23 Ultra	
P043	2024-02-17 17-00-25.JPG	2024-02-17 17:00:25	55.75939	37.61167	169	4000	2252	Galaxy S23 Ultra	
P044	2024-02-17 17-05-17.JPG	2024-02-17 17:05:17	55.75591	37.61	0	4000	2252	Galaxy S23 Ultra	
P045	2024-02-17 17-05-44.JPG	2024-02-17 17:05:44				4000	2252	Galaxy S23 Ultra	
P046	2024-02-17 17-06-43.JPG	2024-02-17 17:06:43	55.75591	37.61	0	4000	2252	Galaxy S23 Ultra	
P047	2024-02-17 17-06-55.JPG	2024-02-17 17:06:55	55.75591	37.61	0	4000	2252	Galaxy S23 Ultra	
P048	2024-02-17 17-16-29.JPG	2024-02-17 17:16:29	55.76339	37.62319	0	4000	2252	Galaxy S23 Ultra	
P049	2024-03-21 09-35-21.JPG	2024-03-21 09:35:21	55.72794	37.58082	151	4000	2252	Galaxy S23 Ultra	
P050	2024-03-21 09-35-28.JPG	2024-03-21 09:35:28	55.72794	37.58079	151	4000	2252	Galaxy S23 Ultra	
P051	2024-04-02 19-59-29.JPG	2024-04-02 19:59:29	55.71042	37.55302	139	4000	2252	Galaxy S23 Ultra	
P052	2024-04-02 21-39-48.JPG	2024-04-02 21:39:48	55.74091	37.57194	154	4000	2252	Galaxy S23 Ultra	
P053	2024-04-06 10-26-44.JPG	2024-04-06 10:26:44	55.72611	37.5329	167	4000	2252	Galaxy S23 Ultra	
P054	2024-04-19 14-29-26.JPG	2024-04-19 14:29:26	55.55449	37.46706	226	4000	2252	Galaxy S23 Ultra	
P055	2024-04-27 20-31-26.JPG	2024-04-27 20:31:26	55.55465	37.46683	238	16320	9180	Galaxy S23 Ultra	
P056	2024-06-02 19-51-47.JPG	2024-06-02 19:51:47	55.73469	37.59644	150	4000	2252	Galaxy S23 Ultra	
P057	2024-07-11 09-37-12.JPG	2024-07-11 09:37:12	55.73979	37.53084	166	4000	2252	Galaxy S23 Ultra	
P058	2024-07-23 11-27-33.JPG	2024-07-23 11:27:33	55.73705	37.53055	170	4000	2252	Galaxy S23 Ultra	
P059	2024-07-23 16-54-51.JPG	2024-07-23 16:54:51	55.77806	37.64032	180	4000	2252	Galaxy S23 Ultra	
P060	2024-07-26 12-39-56.JPG	2024-07-26 12:39:56	55.55445	37.46699	225	4000	2252	Galaxy S23 Ultra	
P061	2024-07-26 13-40-36.JPG	2024-07-26 13:40:36	55.62712	37.66527	0	4000	2252	Galaxy S23 Ultra	
P062	2024-07-26 13-40-39.JPG	2024-07-26 13:40:39	55.62712	37.66527	0	4000	2252	Galaxy S23 Ultra	
P063	2024-07-26 13-40-53.JPG	2024-07-26 13:40:53	55.62712	37.66527	0	4000	2252	Galaxy S23 Ultra	
P064	2024-08-11 13-07-57.JPG	2024-08-11 13:07:57	55.69602	37.57768	185	4000	2252	Galaxy S23 Ultra	
P065	2024-08-31 15-49-23.JPG	2024-08-31 15:49:23	55.72107	37.58481	144	4000	2252	Galaxy S23 Ultra	
P066	2024-08-31 15-50-38.JPG	2024-08-31 15:50:38	55.71976	37.58394	144	4000	2252	Galaxy S23 Ultra	
P067	2024-08-31 16-45-16.JPG	2024-08-31 16:45:16	55.71319	37.57764	145	4000	2252	Galaxy S23 Ultra	
P068	2024-08-31 18-04-40.JPG	2024-08-31 18:04:40	55.73513	37.59854	144	4000	2252	Galaxy S23 Ultra	
P069	2024-08-31 18-04-42.JPG	2024-08-31 18:04:42	55.73513	37.59854	144	4000	2252	Galaxy S23 Ultra	
P070	2024-08-31 18-04-45.JPG	2024-08-31 18:04:45	55.73513	37.59854	144	4000	2252	Galaxy S23 Ultra	
P071	2024-08-31 18-04-46.JPG	2024-08-31 18:04:46	55.73513	37.59854	144	4000	2252	Galaxy S23 Ultra	
P072	2024-08-31 18-04-47.JPG	2024-08-31 18:04:47	55.73513	37.59854	144	4000	2252	Galaxy S23 Ultra	
P073	2024-08-31 18-05-14.JPG	2024-08-31 18:05:14	55.7363	37.60344	0	4000	2252	Galaxy S23 Ultra	
P074	2024-08-31 18-05-16.JPG	2024-08-31 18:05:16	55.7363	37.60344	0	4000	2252	Galaxy S23 Ultra	
P075	2024-08-31 18-05-17.JPG	2024-08-31 18:05:17	55.7363	37.60344	0	4000	2252	Galaxy S23 Ultra	
P076	2024-08-31 18-05-18.JPG	2024-08-31 18:05:18	55.7363	37.60344	0	4000	2252	Galaxy S23 Ultra	
P077	2024-09-14 18-40-46.JPG	2024-09-14 18:40:46	55.5533	37.46345	180	4000	2252	Galaxy S23 Ultra	
P078	2024-10-26 20-11-31.JPG	2024-10-26 20:11:31	55.77078	37.59454	144	4000	2252	Galaxy S23 Ultra	
P079	2024-10-26 20-11-35.JPG	2024-10-26 20:11:35	55.77078	37.59454	144	4000	2252	Galaxy S23 Ultra	
P080	2024-10-26 20-11-38.JPG	2024-10-26 20:11:38	55.77078	37.59454	144	4000	2252	Galaxy S23 Ultra	
P081	2024-11-20 23-28-28.JPG	2024-11-20 23:28:28	55.55271	37.495	194	4000	2252	Galaxy S23 Ultra	
P082	2024-11-21 20-41-27.JPG	2024-11-21 20:41:27	55.67428	37.50282	213	4000	2252	Galaxy S23 Ultra	
P083	2024-12-01 18-11-02.JPG	2024-12-01 18:11:02	55.8656	37.60809	167	4000	2252	Galaxy S23 Ultra	
P084	2024-12-01 18-11-13.JPG	2024-12-01 18:11:13	55.8656	37.60809	167	4000	2252	Galaxy S23 Ultra	
P085	2024-12-01 18-12-03.JPG	2024-12-01 18:12:03	55.8656	37.60809	167	4000	2252	Galaxy S23 Ultra	
P086	2024-12-06 13-31-25.JPG	2024-12-06 13:31:25	55.70624	37.66089	153	4000	2252	Galaxy S23 Ultra	
P087	2024-12-10 23-44-14.JPG	2024-12-10 23:44:14	55.66346	37.48357	195	4000	2252	Galaxy S23 Ultra	
P088	2024-12-19 17-31-48.JPG	2024-12-19 17:31:48	55.73822	37.57425	0	4000	2252	Galaxy S23 Ultra	
P089	2024-12-21 11-59-06.JPG	2024-12-21 11:59:06	55.65524	37.49515	216	4000	2252	Galaxy S23 Ultra	
P090	2024-12-21 16-03-00.JPG	2024-12-21 16:03:00	55.73014	37.60951	153	4000	2252	Galaxy S23 Ultra	
P091	2024-12-21 21-19-06.JPG	2024-12-21 21:19:06	55.73827	37.66412	162	4000	2252	Galaxy S23 Ultra	
P092	2024-12-21 22-14-06.JPG	2024-12-21 22:14:06	55.74078	37.65561	161	4000	2252	Galaxy S23 Ultra	
P093	2024-12-23 10-23-11.JPG	2024-12-23 10:23:11	55.80756	37.58436	184	4000	2252	Galaxy S23 Ultra	
P094	2024-12-23 10-23-13.JPG	2024-12-23 10:23:13	55.80756	37.58436	184	4000	2252	Galaxy S23 Ultra	
P095	2024-12-23 10-23-19.JPG	2024-12-23 10:23:19	55.80756	37.58436	184	4000	2252	Galaxy S23 Ultra	
P096	2024-12-30 11-56-06.JPG	2024-12-30 11:56:06	55.67181	37.5218	186	4000	2252	Galaxy S23 Ultra	
P097	2024-12-30 16-03-01.JPG	2024-12-30 16:03:01	55.7504	37.60969	151	4000	2252	Galaxy S23 Ultra	
P098	2024-12-30 16-21-37.JPG	2024-12-30 16:21:37	55.78037	37.5786	176	4000	2252	Galaxy S23 Ultra	
P099	2024-12-30 16-21-44.JPG	2024-12-30 16:21:44	55.78038	37.57859	177	4000	2252	Galaxy S23 Ultra	
P100	2024-12-30 16-21-53.JPG	2024-12-30 16:21:53	55.78037	37.5786	176	4000	2252	Galaxy S23 Ultra	
P101	2024-12-31 14-12-27.JPG	2024-12-31 14:12:27	55.59933	37.4801	193	4000	2252	Galaxy S23 Ultra	
P102	2025-01-01 22-37-38.JPG	2025-01-01 22:37:38	55.72628	37.58154	137	4000	2252	Galaxy S23 Ultra	
P103	2025-01-01 22-37-43.JPG	2025-01-01 22:37:43	55.72628	37.58154	137	4000	2252	Galaxy S23 Ultra	
P104	2025-01-29 22-18-19.JPG	2025-01-29 22:18:19	55.67903	37.66395	142	4000	2252	Galaxy S23 Ultra	
P105	2025-01-30 16-50-07.JPG	2025-01-30 16:50:07	55.74052	37.536	0	4000	2252	Galaxy S23 Ultra	
P106	2025-01-30 17-58-03.JPG	2025-01-30 17:58:03	55.74312	37.53529	159	4000	2252	Galaxy S23 Ultra	
P107	IMG_20230204_113634.jpg	2023-02-04 11:36:35				3456	4608	COL-L29	
P108	00 еда всякая/2024-02-10 12-50-37.JPG	2024-02-10 12:50:37	55.62472	37.42125	222	4000	2252	Galaxy S23 Ultra	
P109	00 еда всякая/2024-02-10 12-55-29.JPG	2024-02-10 12:55:29	55.6247	37.42115	222	4000	2252	Galaxy S23 Ultra	
P110	00 еда всякая/2024-04-28 20-02-18.JPG	2024-04-28 20:02:18	55.83241	37.62488	178	4000	2252	Galaxy S23 Ultra	
P111	00 еда всякая/2024-04-28 20-02-22.JPG	2024-04-28 20:02:22	55.83241	37.62488	178	4000	2252	Galaxy S23 Ultra	
P112	01 парк патриот/2023-04-23 11-52-24.JPG	2023-04-23 11:52:24				4000	2252	Galaxy S23 Ultra	
P113	01 парк патриот/2023-04-23 11-52-29.JPG	2023-04-23 11:52:29				4000	2252	Galaxy S23 Ultra	
P114	01 парк патриот/2023-04-23 11-52-35.JPG	2023-04-23 11:52:35				4000	2252	Galaxy S23 Ultra	
P115	01 парк патриот/2023-04-23 11-52-39.JPG	2023-04-23 11:52:39				4000	2252	Galaxy S23 Ultra	
P116	01 парк патриот/2023-04-23 11-53-31.JPG	2023-04-23 11:53:31				4000	2252	Galaxy S23 Ultra	
P117	01 парк патриот/2023-04-23 11-53-33.JPG	2023-04-23 11:53:33				4000	2252	Galaxy S23 Ultra	
P118	01 парк патриот/2023-04-23 11-53-40.JPG	2023-04-23 11:53:40				4000	2252	Galaxy S23 Ultra	
P119	01 парк патриот/2023-04-23 12-00-14.JPG	2023-04-23 12:00:14				4000	2252	Galaxy S23 Ultra	
P120	01 парк патриот/2023-04-23 12-00-54.JPG	2023-04-23 12:00:54				4000	2252	Galaxy S23 Ultra	
P121	01 парк патриот/2023-04-23 12-01-01.JPG	2023-04-23 12:01:01				4000	2252	Galaxy S23 Ultra	
P122	01 парк патриот/2023-04-23 12-02-08.JPG	2023-04-23 12:02:08				4000	2252	Galaxy S23 Ultra	
P123	01 парк патриот/2023-04-23 12-02-14.JPG	2023-04-23 12:02:14				4000	2252	Galaxy S23 Ultra	
P124	01 парк патриот/2023-04-23 12-08-13.JPG	2023-04-23 12:08:13				4000	2252	Galaxy S23 Ultra	
P125	01 парк патриот/2023-04-23 12-08-25.JPG	2023-04-23 12:08:25				4000	2252	Galaxy S23 Ultra	
P126	01 парк патриот/2023-04-23 12-10-01.JPG	2023-04-23 12:10:01				4000	2252	Galaxy S23 Ultra	
P127	01 парк патриот/2023-04-23 12-10-58.JPG	2023-04-23 12:10:58				4000	2252	Galaxy S23 Ultra	
P128	01 парк патриот/2023-04-23 12-11-04.JPG	2023-04-23 12:11:04				4000	2252	Galaxy S23 Ultra	
P129	01 парк патриот/2023-04-23 12-11-08.JPG	2023-04-23 12:11:08				4000	2252	Galaxy S23 Ultra	
P130	01 парк патриот/2023-04-23 12-20-39.JPG	2023-04-23 12:20:39				4000	2252	Galaxy S23 Ultra	
P131	01 парк патриот/2023-04-23 12-20-41.JPG	2023-04-23 12:20:41				4000	2252	Galaxy S23 Ultra	
P132	01 парк патриот/2023-04-23 12-20-44.JPG	2023-04-23 12:20:44				4000	2252	Galaxy S23 Ultra	
P133	01 парк патриот/2023-04-23 12-20-45.JPG	2023-04-23 12:20:45				4000	2252	Galaxy S23 Ultra	
P134	01 парк патриот/2023-04-23 12-20-47.JPG	2023-04-23 12:20:47				4000	2252	Galaxy S23 Ultra	
P135	01 парк патриот/2023-04-23 12-24-24.JPG	2023-04-23 12:24:24				4000	2252	Galaxy S23 Ultra	
P136	01 парк патриот/2023-04-23 12-27-43.JPG	2023-04-23 12:27:43				4000	2252	Galaxy S23 Ultra	
P137	01 парк патриот/2023-04-23 12-27-45.JPG	2023-04-23 12:27:45				4000	2252	Galaxy S23 Ultra	
P138	01 парк патриот/2023-04-23 12-31-15.JPG	2023-04-23 12:31:15				4000	2252	Galaxy S23 Ultra	
P139	01 парк патриот/2023-04-23 12-31-23.JPG	2023-04-23 12:31:23				4000	2252	Galaxy S23 Ultra	
P140	01 парк патриот/2023-04-23 12-32-51.JPG	2023-04-23 12:32:51				4000	2252	Galaxy S23 Ultra	
P141	01 парк патриот/2023-04-23 12-59-27.JPG	2023-04-23 12:59:27				4000	2252	Galaxy S23 Ultra	
P142	01 парк патриот/2023-04-23 13-11-11.JPG	2023-04-23 13:11:11				4000	2252	Galaxy S23 Ultra	
P143	01 парк патриот/2023-04-23 13-14-26.JPG	2023-04-23 13:14:26				4000	2252	Galaxy S23 Ultra	
P144	01 парк патриот/2023-04-23 13-28-30.JPG	2023-04-23 13:28:30				4000	2252	Galaxy S23 Ultra	
P145	01 парк патриот/2023-04-23 13-30-08.JPG	2023-04-23 13:30:08				4000	2252	Galaxy S23 Ultra	
P146	01 парк патриот/2023-04-23 13-30-20.JPG	2023-04-23 13:30:20				4000	2252	Galaxy S23 Ultra	
P147	01 парк патриот/2023-04-23 13-37-37.JPG	2023-04-23 13:37:37				4000	2252	Galaxy S23 Ultra	
P148	01 парк патриот/2023-04-23 13-37-44.JPG	2023-04-23 13:37:44				4000	2252	Galaxy S23 Ultra	
P149	01 парк патриот/2023-04-23 13-38-01.JPG	2023-04-23 13:38:01				4000	2252	Galaxy S23 Ultra	
P150	01 парк патриот/2023-04-23 13-38-10.JPG	2023-04-23 13:38:10				4000	2252	Galaxy S23 Ultra	
P151	01 парк патриот/2023-04-23 13-42-11.JPG	2023-04-23 13:42:11				4000	2252	Galaxy S23 Ultra	
P152	01 парк патриот/2023-04-23 13-45-20.JPG	2023-04-23 13:45:20				4000	2252	Galaxy S23 Ultra	
P153	01 парк патриот/2023-04-23 13-46-42.JPG	2023-04-23 13:46:42				4000	2252	Galaxy S23 Ultra	
P154	01 парк патриот/2023-04-23 13-48-26.JPG	2023-04-23 13:48:26				4000	2252	Galaxy S23 Ultra	
P155	01 парк патриот/2023-04-23 13-48-28.JPG	2023-04-23 13:48:28				4000	2252	Galaxy S23 Ultra	
P156	01 парк патриот/2023-04-23 13-53-45.JPG	2023-04-23 13:53:45				4000	2252	Galaxy S23 Ultra	
P157	01 парк патриот/2023-04-23 13-56-16.JPG	2023-04-23 13:56:16				4000	2252	Galaxy S23 Ultra	
P158	01 парк патриот/2023-04-23 13-56-32.JPG	2023-04-23 13:56:32				4000	2252	Galaxy S23 Ultra	
P159	01 парк патриот/2023-04-23 13-57-06.JPG	2023-04-23 13:57:06				4000	2252	Galaxy S23 Ultra	
P160	01 парк патриот/2023-04-23 13-57-28.JPG	2023-04-23 13:57:28				4000	2252	Galaxy S23 Ultra	
P161	01 парк патриот/2023-04-23 14-10-15.JPG	2023-04-23 14:10:15				4000	2252	Galaxy S23 Ultra	
P162	01 парк патриот/2023-04-23 14-13-41.JPG	2023-04-23 14:13:41				4000	2252	Galaxy S23 Ultra	
P163	01 парк патриот/2023-04-23 14-15-28.JPG	2023-04-23 14:15:28				4000	2252	Galaxy S23 Ultra	
P164	01 парк патриот/2023-04-23 14-16-50.JPG	2023-04-23 14:16:50				4000	2252	Galaxy S23 Ultra	
P165	01 парк патриот/2023-04-23 14-16-54.JPG	2023-04-23 14:16:54				4000	2252	Galaxy S23 Ultra	
P166	01 парк патриот/2023-04-23 14-17-20.JPG	2023-04-23 14:17:20				4000	2252	Galaxy S23 Ultra	
P167	01 парк патриот/2023-04-23 14-17-50.JPG	2023-04-23 14:17:50				4000	2252	Galaxy S23 Ultra	
P168	01 парк патриот/2023-04-23 14-18-01.JPG	2023-04-23 14:18:01				4000	2252	Galaxy S23 Ultra	
P169	01 парк патриот/2023-04-23 14-18-22.JPG	2023-04-23 14:18:22				4000	2252	Galaxy S23 Ultra	
P170	01 парк патриот/2023-04-23 14-19-05.JPG	2023-04-23 14:19:05				4000	2252	Galaxy S23 Ultra	
P171	01 парк патриот/2023-04-23 14-19-54.JPG	2023-04-23 14:19:54				4000	2252	Galaxy S23 Ultra	
P172	01 парк патриот/2023-04-23 14-20-48.JPG	2023-04-23 14:20:48				4000	2252	Galaxy S23 Ultra	
P173	01 парк патриот/2023-04-23 14-24-00.JPG	2023-04-23 14:24:00				4000	2252	Galaxy S23 Ultra	
P174	01 парк патриот/2023-04-23 14-25-45.JPG	2023-04-23 14:25:45				4000	2252	Galaxy S23 Ultra	
P175	01 парк патриот/2023-04-23 14-50-37.JPG	2023-04-23 14:50:37				4000	2252	Galaxy S23 Ultra	
P176	01 парк патриот/2023-04-23 14-57-45.JPG	2023-04-23 14:57:45				4000	2252	Galaxy S23 Ultra	
P177	01 парк патриот/2023-04-23 15-01-25.JPG	2023-04-23 15:01:25				4000	2252	Galaxy S23 Ultra	
P178	01 парк патриот/2023-04-23 15-03-40.JPG	2023-04-23 15:03:40				4000	2252	Galaxy S23 Ultra	
P179	01 парк патриот/2023-04-23 15-03-43.JPG	2023-04-23 15:03:43				4000	2252	Galaxy S23 Ultra	
P180	01 парк патриот/2023-04-23 15-03-48.JPG	2023-04-23 15:03:48				4000	2252	Galaxy S23 Ultra	
P181	01 парк патриот/2023-04-23 15-04-45.JPG	2023-04-23 15:04:45				4000	2252	Galaxy S23 Ultra	
P182	01 парк патриот/2023-04-23 15-08-03.JPG	2023-04-23 15:08:03				4000	2252	Galaxy S23 Ultra	
P183	01 парк патриот/2023-04-23 15-08-15.JPG	2023-04-23 15:08:15				4000	2252	Galaxy S23 Ultra	
P184	01 парк патриот/2023-04-23 15-08-53.JPG	2023-04-23 15:08:53				4000	2252	Galaxy S23 Ultra	
P185	01 парк патриот/2023-04-23 15-09-55.JPG	2023-04-23 15:09:55				4000	2252	Galaxy S23 Ultra	
P186	01 парк патриот/2023-04-23 15-18-26.JPG	2023-04-23 15:18:26				4000	2252	Galaxy S23 Ultra	
P187	01 парк патриот/2023-04-23 15-47-37.JPG	2023-04-23 15:47:37				4000	2252	Galaxy S23 Ultra	
P188	01 парк патриот/2023-04-23 15-48-13.JPG	2023-04-23 15:48:13				4000	2252	Galaxy S23 Ultra	
P189	01 парк патриот/2023-04-23 15-48-17.JPG	2023-04-23 15:48:17				4000	2252	Galaxy S23 Ultra	
P190	01 парк патриот/2023-04-23 15-48-25.JPG	2023-04-23 15:48:25				4000	2252	Galaxy S23 Ultra	
P191	01 парк патриот/2023-04-23 15-48-29.JPG	2023-04-23 15:48:29				4000	2252	Galaxy S23 Ultra	
P192	01 парк патриот/2023-04-23 15-49-25.JPG	2023-04-23 15:49:25				4000	2252	Galaxy S23 Ultra	
P193	01 парк патриот/2023-04-23 15-49-45.JPG	2023-04-23 15:49:45				4000	2252	Galaxy S23 Ultra	
P194	01 парк патриот/2023-04-23 15-49-50.JPG	2023-04-23 15:49:50				4000	2252	Galaxy S23 Ultra	
P195	01 парк патриот/2023-04-23 15-50-03.JPG	2023-04-23 15:50:03				4000	2252	Galaxy S23 Ultra	
P196	01 парк патриот/2023-04-23 16-26-03.JPG	2023-04-23 16:26:03				4000	2252	Galaxy S23 Ultra	
P197	01 парк патриот/2023-04-23 16-44-45.JPG	2023-04-23 16:44:45				4000	2252	Galaxy S23 Ultra	
P198	01 парк патриот/2023-04-23 16-44-53.JPG	2023-04-23 16:44:53				4000	2252	Galaxy S23 Ultra	
P199	01 парк патриот/2023-04-23 16-45-43.JPG	2023-04-23 16:45:43				4000	2252	Galaxy S23 Ultra	
P200	01 парк патриот/2023-04-23 16-45-51.JPG	2023-04-23 16:45:51				4000	2252	Galaxy S23 Ultra	
P201	01 парк патриот/2023-04-23 16-45-58.JPG	2023-04-23 16:45:58				4000	2252	Galaxy S23 Ultra	
P202	01 парк патриот/2023-04-23 16-46-19.JPG	2023-04-23 16:46:19				4000	2252	Galaxy S23 Ultra	
P203	01 парк патриот/2023-04-23 16-46-24.JPG	2023-04-23 16:46:24				4000	2252	Galaxy S23 Ultra	
P204	01 парк патриот/2023-04-23 16-47-43.JPG	2023-04-23 16:47:43				4000	2252	Galaxy S23 Ultra	
P205	01 парк патриот/2023-04-23 16-48-43.JPG	2023-04-23 16:48:43				4000	2252	Galaxy S23 Ultra	
P206	01 парк патриот/2023-04-23 16-48-49.JPG	2023-04-23 16:48:49				4000	2252	Galaxy S23 Ultra	
P207	01 парк патриот/2023-04-23 16-49-08.JPG	2023-04-23 16:49:08				4000	2252	Galaxy S23 Ultra	
P208	01 парк патриот/2023-04-23 16-49-13.JPG	2023-04-23 16:49:13				4000	2252	Galaxy S23 Ultra	
P209	01 парк патриот/2023-04-23 16-49-29.JPG	2023-04-23 16:49:29				4000	2252	Galaxy S23 Ultra	
P210	01 парк патриот/2023-04-23 16-49-34.JPG	2023-04-23 16:49:34				4000	2252	Galaxy S23 Ultra	
P211	01 парк патриот/2023-04-23 16-49-39.JPG	2023-04-23 16:49:39				4000	2252	Galaxy S23 Ultra	
P212	01 парк патриот/2023-04-23 16-50-25.JPG	2023-04-23 16:50:25				4000	2252	Galaxy S23 Ultra	
P213	01 парк патриот/2023-04-23 17-03-02.JPG	2023-04-23 17:03:02				4000	2252	Galaxy S23 Ultra	
P214	01 парк патриот/2023-04-23 17-03-12.JPG	2023-04-23 17:03:12				4000	2252	Galaxy S23 Ultra	
P215	01 парк патриот/2023-04-23 17-04-01.JPG	2023-04-23 17:04:01				4000	2252	Galaxy S23 Ultra	
P216	01 парк патриот/2023-04-23 17-04-21.JPG	2023-04-23 17:04:21				4000	2252	Galaxy S23 Ultra	
P217	01 парк патриот/2023-04-23 17-13-24.JPG	2023-04-23 17:13:24				3392	2544	Galaxy S23 Ultra	
P218	01 парк патриот/2023-04-23 17-20-08.JPG	2023-04-23 17:20:08				4000	2252	Galaxy S23 Ultra	
P219	01 парк патриот/2023-04-23 17-20-21.JPG	2023-04-23 17:20:21				4000	2252	Galaxy S23 Ultra	
P220	01 парк патриот/2023-04-23 17-26-16.JPG	2023-04-23 17:26:16				4000	2252	Galaxy S23 Ultra	
P221	01 парк патриот/2023-04-23 17-29-01.JPG	2023-04-23 17:29:01				4000	2252	Galaxy S23 Ultra	
P222	01 парк патриот/2023-04-23 17-29-17.JPG	2023-04-23 17:29:17				4000	2252	Galaxy S23 Ultra	
P223	01 парк патриот/2023-04-23 17-35-29.JPG	2023-04-23 17:35:29				4000	2252	Galaxy S23 Ultra	
P224	01 парк патриот/2023-04-23 17-38-23.JPG	2023-04-23 17:38:23				4000	2252	Galaxy S23 Ultra	
P225	01 парк патриот/2023-04-23 17-38-54.JPG	2023-04-23 17:38:54				4000	2252	Galaxy S23 Ultra	
P226	01 парк патриот/2023-04-23 17-40-26.JPG	2023-04-23 17:40:26				4000	2252	Galaxy S23 Ultra	
P227	01 парк патриот/2023-04-23 17-40-35.JPG	2023-04-23 17:40:35				4000	3000	Galaxy S23 Ultra	
P228	01 парк патриот/2023-04-23 17-47-53.JPG	2023-04-23 17:47:53				4000	2252	Galaxy S23 Ultra	
P229	01 парк патриот/2023-04-23 17-48-00.JPG	2023-04-23 17:48:00				4000	2252	Galaxy S23 Ultra	
P230	01 парк патриот/2023-04-23 17-51-57.JPG	2023-04-23 17:51:57				4000	2252	Galaxy S23 Ultra	
P231	01 парк патриот/2023-04-23 17-52-46.JPG	2023-04-23 17:52:46				4000	2252	Galaxy S23 Ultra	
P232	01 парк патриот/2023-04-23 17-52-47.JPG	2023-04-23 17:52:47				4000	2252	Galaxy S23 Ultra	
P233	01 парк патриот/2023-04-23 17-52-50.JPG	2023-04-23 17:52:50				4000	2252	Galaxy S23 Ultra	
P234	01 парк патриот/2023-04-23 17-52-51.JPG	2023-04-23 17:52:51				4000	2252	Galaxy S23 Ultra	
P235	01 парк патриот/2023-04-23 17-58-46.JPG	2023-04-23 17:58:46				4000	2252	Galaxy S23 Ultra	
P236	01 парк патриот/2023-04-23 18-44-52.JPG	2023-04-23 18:44:52				4000	2252	Galaxy S23 Ultra	
P237	01 парк патриот/2023-04-23 18-45-00.JPG	2023-04-23 18:45:00				4000	2252	Galaxy S23 Ultra	
P238	02 прогулка/2023-04-01 16-46-08.JPG	2023-04-01 16:46:08				4000	2252	Galaxy S23 Ultra	
P239	02 прогулка/2023-04-01 17-29-51.JPG	2023-04-01 17:29:51				4000	2252	Galaxy S23 Ultra	
P240	02 прогулка/2023-04-01 17-30-05.JPG	2023-04-01 17:30:05				4000	2252	Galaxy S23 Ultra	
P241	02 прогулка/2023-04-01 17-30-20.JPG	2023-04-01 17:30:20				4000	2252	Galaxy S23 Ultra	
P242	02 прогулка/2023-04-01 17-47-49.JPG	2023-04-01 17:47:49				4000	2252	Galaxy S23 Ultra	
P243	02 прогулка/2023-04-01 17-51-37.JPG	2023-04-01 17:51:37				4000	2252	Galaxy S23 Ultra	
P244	02 прогулка/2023-04-01 17-51-56.JPG	2023-04-01 17:51:56				4000	2252	Galaxy S23 Ultra	
P245	02 прогулка/2023-04-01 17-52-03.JPG	2023-04-01 17:52:03				4000	2252	Galaxy S23 Ultra	
P246	02 прогулка/2023-04-01 17-52-10.JPG	2023-04-01 17:52:10				4000	2252	Galaxy S23 Ultra	
P247	02 прогулка/2023-04-07 22-52-32.JPG	2023-04-07 22:52:32				4000	2252	Galaxy S23 Ultra	
P248	02 прогулка/2023-04-09 10-49-40.JPG	2023-04-09 10:49:40				4000	2252	Galaxy S23 Ultra	
P249	02 прогулка/2023-04-09 12-07-31.JPG	2023-04-09 12:07:31				4000	2252	Galaxy S23 Ultra	
P250	02 прогулка/2023-04-09 12-08-47.JPG	2023-04-09 12:08:47				4000	2252	Galaxy S23 Ultra	
P251	02 прогулка/2023-04-09 12-09-09.JPG	2023-04-09 12:09:09				4000	2252	Galaxy S23 Ultra	
P252	02 прогулка/2023-04-09 12-09-13.JPG	2023-04-09 12:09:13				4000	2252	Galaxy S23 Ultra	
P253	02 прогулка/2023-04-09 12-09-34.JPG	2023-04-09 12:09:34				4000	2252	Galaxy S23 Ultra	
P254	02 прогулка/2023-04-09 12-10-56.JPG	2023-04-09 12:10:56				4000	2252	Galaxy S23 Ultra	
P255	02 прогулка/2023-04-09 12-10-59.JPG	2023-04-09 12:10:59				4000	2252	Galaxy S23 Ultra	
P256	02 прогулка/2023-04-09 12-12-46.JPG	2023-04-09 12:12:46				4000	2252	Galaxy S23 Ultra	
P257	02 прогулка/2023-04-09 12-12-51.JPG	2023-04-09 12:12:51				4000	2252	Galaxy S23 Ultra	
P258	02 прогулка/2023-04-09 12-13-57.JPG	2023-04-09 12:13:57				4000	2252	Galaxy S23 Ultra	
P259	02 прогулка/2023-04-09 12-16-54.JPG	2023-04-09 12:16:54				4000	2252	Galaxy S23 Ultra	
P260	02 прогулка/2023-04-09 12-28-02.JPG	2023-04-09 12:28:02				4000	2252	Galaxy S23 Ultra	
P261	02 прогулка/2023-04-09 12-50-18.JPG	2023-04-09 12:50:18				4000	2252	Galaxy S23 Ultra	
P262	02 прогулка/2023-04-09 12-52-41.JPG	2023-04-09 12:52:41				4000	2252	Galaxy S23 Ultra	
P263	02 прогулка/2023-04-09 12-52-51.JPG	2023-04-09 12:52:51				4000	2252	Galaxy S23 Ultra	
P264	02 прогулка/2023-04-09 12-52-52.JPG	2023-04-09 12:52:52				4000	2252	Galaxy S23 Ultra	
P265	02 прогулка/2023-04-09 12-58-40.JPG	2023-04-09 12:58:40				4000	2252	Galaxy S23 Ultra	
P266	02 прогулка/2023-04-09 12-59-11.JPG	2023-04-09 12:59:11				4000	2252	Galaxy S23 Ultra	
P267	02 прогулка/2023-04-09 12-59-19.JPG	2023-04-09 12:59:19				4000	2252	Galaxy S23 Ultra	
P268	02 прогулка/2023-04-09 13-02-37.JPG	2023-04-09 13:02:37				4000	2252	Galaxy S23 Ultra	
P269	02 прогулка/2023-04-09 14-13-27.JPG	2023-04-09 14:13:27				4000	2252	Galaxy S23 Ultra	
P270	02 прогулка/2023-04-09 14-18-10.JPG	2023-04-09 14:18:10				4000	2252	Galaxy S23 Ultra	
P271	02 прогулка/2023-04-09 14-25-01.JPG	2023-04-09 14:25:01				4000	2252	Galaxy S23 Ultra	
P272	02 прогулка/2023-04-09 14-25-13.JPG	2023-04-09 14:25:13				4000	2252	Galaxy S23 Ultra	
P273	02 прогулка/2023-04-09 14-25-28.JPG	2023-04-09 14:25:28				4000	2252	Galaxy S23 Ultra	
P274	02 прогулка/2023-04-09 14-26-45.JPG	2023-04-09 14:26:45				4000	2252	Galaxy S23 Ultra	
P275	02 прогулка/2023-04-09 14-28-39.JPG	2023-04-09 14:28:39				4000	2252	Galaxy S23 Ultra	
P276	02 прогулка/2023-04-09 14-28-41.JPG	2023-04-09 14:28:41				4000	2252	Galaxy S23 Ultra	
P277	02 прогулка/2023-04-09 14-28-49.JPG	2023-04-09 14:28:49				4000	2252	Galaxy S23 Ultra	
P278	02 прогулка/2023-04-09 14-28-57.JPG	2023-04-09 14:28:57				4000	2252	Galaxy S23 Ultra	
P279	02 прогулка/2023-04-09 14-29-49.JPG	2023-04-09 14:29:49				4000	2252	Galaxy S23 Ultra	
P280	02 прогулка/2023-04-09 14-30-54.JPG	2023-04-09 14:30:54				4000	2252	Galaxy S23 Ultra	
P281	02 прогулка/2023-04-09 14-31-17.JPG	2023-04-09 14:31:17				4000	2252	Galaxy S23 Ultra	
P282	02 прогулка/2023-04-09 14-32-39.JPG	2023-04-09 14:32:39				4000	2252	Galaxy S23 Ultra	
P283	02 прогулка/2023-04-09 14-32-43.JPG	2023-04-09 14:32:43				4000	2252	Galaxy S23 Ultra	
P284	02 прогулка/2023-04-09 16-20-11.JPG	2023-04-09 16:20:11				4000	2252	Galaxy S23 Ultra	
P285	02 прогулка/2023-04-09 16-26-40.JPG	2023-04-09 16:26:40				4000	2252	Galaxy S23 Ultra	
P286	02 прогулка/2023-04-09 16-28-22.JPG	2023-04-09 16:28:22				4000	2252	Galaxy S23 Ultra	
P287	02 прогулка/2023-04-09 16-36-03.JPG	2023-04-09 16:36:03				4000	2252	Galaxy S23 Ultra	
P288	02 прогулка/2023-04-09 16-36-17.JPG	2023-04-09 16:36:17				4000	2252	Galaxy S23 Ultra	
P289	02 прогулка/2023-04-09 16-36-44.JPG	2023-04-09 16:36:44				4000	2252	Galaxy S23 Ultra	
P290	02 прогулка/2023-04-09 16-42-09.JPG	2023-04-09 16:42:09				4000	2252	Galaxy S23 Ultra	
P291	02 прогулка/2023-04-09 16-42-17.JPG	2023-04-09 16:42:17				4000	2252	Galaxy S23 Ultra	
P292	02 прогулка/2023-04-09 16-42-20.JPG	2023-04-09 16:42:20				4000	2252	Galaxy S23 Ultra	
P293	02 прогулка/2023-04-09 16-45-36.JPG	2023-04-09 16:45:36				4000	2252	Galaxy S23 Ultra	
P294	02 прогулка/2023-04-09 16-45-52.JPG	2023-04-09 16:45:52				4000	2252	Galaxy S23 Ultra	
P295	02 прогулка/2023-04-09 16-46-53.JPG	2023-04-09 16:46:53				4000	2252	Galaxy S23 Ultra	
P296	02 прогулка/2023-04-09 16-46-59.JPG	2023-04-09 16:46:59				4000	2252	Galaxy S23 Ultra	
P297	02 прогулка/2023-04-09 16-50-20.JPG	2023-04-09 16:50:20				4000	2252	Galaxy S23 Ultra	
P298	02 прогулка/2023-04-09 16-50-30.JPG	2023-04-09 16:50:30				4000	2252	Galaxy S23 Ultra	
P299	02 прогулка/2023-04-09 16-50-39.JPG	2023-04-09 16:50:39				4000	2252	Galaxy S23 Ultra	
P300	02 прогулка/2023-04-09 16-50-50.JPG	2023-04-09 16:50:50				4000	2252	Galaxy S23 Ultra	
P301	03 вднх/2023-05-27 12-48-13.JPG	2023-05-27 12:48:13				4000	2252	Galaxy S23 Ultra	
P302	03 вднх/2023-05-27 12-48-21.JPG	2023-05-27 12:48:21				4000	2252	Galaxy S23 Ultra	
P303	03 вднх/2023-05-27 12-48-45.JPG	2023-05-27 12:48:45				4000	2252	Galaxy S23 Ultra	
P304	03 вднх/2023-05-27 12-49-32.JPG	2023-05-27 12:49:32				4000	2252	Galaxy S23 Ultra	
P305	03 вднх/2023-05-27 12-55-56.JPG	2023-05-27 12:55:56				4000	2252	Galaxy S23 Ultra	
P306	03 вднх/2023-05-27 12-56-31.JPG	2023-05-27 12:56:31				4000	2252	Galaxy S23 Ultra	
P307	03 вднх/2023-05-27 13-24-57.JPG	2023-05-27 13:24:57				4000	2252	Galaxy S23 Ultra	
P308	03 вднх/2023-05-27 13-25-01.JPG	2023-05-27 13:25:01				4000	2252	Galaxy S23 Ultra	
P309	03 вднх/2023-05-27 13-47-57.JPG	2023-05-27 13:47:57				4000	2252	Galaxy S23 Ultra	
P310	03 вднх/2023-05-27 13-52-41.JPG	2023-05-27 13:52:41				4000	2252	Galaxy S23 Ultra	
P311	03 вднх/2023-05-27 13-53-32.JPG	2023-05-27 13:53:32				4000	2252	Galaxy S23 Ultra	
P312	03 вднх/2023-05-27 13-55-42.JPG	2023-05-27 13:55:42				4000	2252	Galaxy S23 Ultra	
P313	03 вднх/2023-05-27 13-55-47.JPG	2023-05-27 13:55:47				4000	2252	Galaxy S23 Ultra	
P314	03 вднх/2023-05-27 13-55-51.JPG	2023-05-27 13:55:51				4000	2252	Galaxy S23 Ultra	
P315	03 вднх/2023-05-27 13-58-28.JPG	2023-05-27 13:58:28				4000	2252	Galaxy S23 Ultra	
P316	03 вднх/2023-05-27 14-17-29.JPG	2023-05-27 14:17:29				4000	2252	Galaxy S23 Ultra	
P317	03 вднх/2023-05-27 14-19-37.JPG	2023-05-27 14:19:37				4000	2252	Galaxy S23 Ultra	
P318	03 вднх/2023-05-27 14-19-40.JPG	2023-05-27 14:19:40				4000	2252	Galaxy S23 Ultra	
P319	03 вднх/2023-05-27 14-19-43.JPG	2023-05-27 14:19:43				4000	2252	Galaxy S23 Ultra	
P320	03 вднх/2023-05-27 14-19-45.JPG	2023-05-27 14:19:45				4000	2252	Galaxy S23 Ultra	
P321	03 вднх/2023-05-27 14-19-57.JPG	2023-05-27 14:19:57				4000	2252	Galaxy S23 Ultra	
P322	03 вднх/2023-05-27 14-19-58.JPG	2023-05-27 14:19:58				4000	2252	Galaxy S23 Ultra	
P323	03 вднх/2023-05-27 14-20-03.JPG	2023-05-27 14:20:03				4000	2252	Galaxy S23 Ultra	
P324	03 вднх/2023-05-27 14-20-14.JPG	2023-05-27 14:20:14				4000	2252	Galaxy S23 Ultra	
P325	03 вднх/2023-05-27 14-20-56.JPG	2023-05-27 14:20:56				4000	2252	Galaxy S23 Ultra	
P326	03 вднх/2023-05-27 14-21-08.JPG	2023-05-27 14:21:08				4000	2252	Galaxy S23 Ultra	
P327	03 вднх/2023-05-27 14-21-12.JPG	2023-05-27 14:21:12				4000	2252	Galaxy S23 Ultra	
P328	03 вднх/2023-05-27 14-22-06.JPG	2023-05-27 14:22:06				4000	2252	Galaxy S23 Ultra	
P329	03 вднх/2023-05-27 14-23-13.JPG	2023-05-27 14:23:13				4000	3000	Galaxy S23 Ultra	
P330	03 вднх/2023-05-27 14-23-17.JPG	2023-05-27 14:23:17				4000	3000	Galaxy S23 Ultra	
P331	03 вднх/2023-05-27 14-24-18.JPG	2023-05-27 14:24:18				4000	2252	Galaxy S23 Ultra	
P332	03 вднх/2023-05-27 14-24-20.JPG	2023-05-27 14:24:20				4000	2252	Galaxy S23 Ultra	
P333	03 вднх/2023-05-27 14-24-36.JPG	2023-05-27 14:24:36				4000	2252	Galaxy S23 Ultra	
P334	03 вднх/2023-05-27 14-24-44.JPG	2023-05-27 14:24:44				4000	2252	Galaxy S23 Ultra	
P335	03 вднх/2023-05-27 14-24-48.JPG	2023-05-27 14:24:48				4000	2252	Galaxy S23 Ultra	
P336	03 вднх/2023-05-27 14-26-39.JPG	2023-05-27 14:26:39				4000	2252	Galaxy S23 Ultra	
P337	03 вднх/2023-05-27 14-26-44.JPG	2023-05-27 14:26:44				4000	2252	Galaxy S23 Ultra	
P338	03 вднх/2023-05-27 14-26-47.JPG	2023-05-27 14:26:47				4000	2252	Galaxy S23 Ultra	
P339	03 вднх/2023-05-27 14-26-52.JPG	2023-05-27 14:26:52				4000	2252	Galaxy S23 Ultra	
P340	03 вднх/2023-05-27 14-27-45.JPG	2023-05-27 14:27:45				4000	2252	Galaxy S23 Ultra	
P341	03 вднх/2023-05-27 14-29-34.JPG	2023-05-27 14:29:34				4000	2252	Galaxy S23 Ultra	
P342	03 вднх/2023-05-27 14-29-38.JPG	2023-05-27 14:29:38				4000	2252	Galaxy S23 Ultra	
P343	03 вднх/2023-05-27 14-29-48.JPG	2023-05-27 14:29:48				4000	2252	Galaxy S23 Ultra	
P344	03 вднх/2023-05-27 14-29-58.JPG	2023-05-27 14:29:58				4000	2252	Galaxy S23 Ultra	
P345	03 вднх/2023-05-27 14-33-09.JPG	2023-05-27 14:33:09				4000	2252	Galaxy S23 Ultra	
P346	03 вднх/2023-05-27 14-35-52.JPG	2023-05-27 14:35:52				4000	2252	Galaxy S23 Ultra	
P347	03 вднх/2023-05-27 14-37-04.JPG	2023-05-27 14:37:04				4000	2252	Galaxy S23 Ultra	
P348	03 вднх/2023-05-27 15-51-28.JPG	2023-05-27 15:51:28				3392	2544	Galaxy S23 Ultra	
P349	03 вднх/2023-05-27 15-51-33.JPG	2023-05-27 15:51:33				3392	2544	Galaxy S23 Ultra	
P350	03 вднх/2023-05-27 15-51-42.JPG	2023-05-27 15:51:42				4000	2252	Galaxy S23 Ultra	
P351	03 вднх/2023-05-27 15-51-48.JPG	2023-05-27 15:51:48				4000	2252	Galaxy S23 Ultra	
P352	03 вднх/2023-05-27 15-51-49.JPG	2023-05-27 15:51:49				4000	2252	Galaxy S23 Ultra	
P353	03 вднх/2023-05-27 15-52-56.JPG	2023-05-27 15:52:56				4000	2252	Galaxy S23 Ultra	
P354	03 вднх/2023-05-27 15-53-25.JPG	2023-05-27 15:53:25				4000	2252	Galaxy S23 Ultra	
P355	03 вднх/2023-05-27 15-54-33.JPG	2023-05-27 15:54:33				4000	2252	Galaxy S23 Ultra	
P356	03 вднх/2023-05-27 15-54-42.JPG	2023-05-27 15:54:42				4000	2252	Galaxy S23 Ultra	
P357	03 вднх/2023-05-27 15-55-50.JPG	2023-05-27 15:55:50				4000	2252	Galaxy S23 Ultra	
P358	03 вднх/2023-05-27 15-56-12.JPG	2023-05-27 15:56:12				4000	2252	Galaxy S23 Ultra	
P359	03 вднх/2023-05-27 15-56-14.JPG	2023-05-27 15:56:14				4000	2252	Galaxy S23 Ultra	
P360	03 вднх/2023-05-27 15-56-15.JPG	2023-05-27 15:56:15				4000	2252	Galaxy S23 Ultra	
P361	03 вднх/2023-05-27 15-56-46.JPG	2023-05-27 15:56:46				4000	3000	Galaxy S23 Ultra	
P362	04 Останкинская башня/2023-05-27 16-30-02.JPG	2023-05-27 16:30:02				4000	2252	Galaxy S23 Ultra	
P363	04 Останкинская башня/2023-05-27 16-31-22.JPG	2023-05-27 16:31:22				4000	2252	Galaxy S23 Ultra	
P364	04 Останкинская башня/2023-05-27 16-31-26.JPG	2023-05-27 16:31:26				4000	2252	Galaxy S23 Ultra	
P365	04 Останкинская башня/2023-05-27 16-35-57.JPG	2023-05-27 16:35:57				4000	2252	Galaxy S23 Ultra	
P366	04 Останкинская башня/2023-05-27 16-53-11.JPG	2023-05-27 16:53:11				4000	2252	Galaxy S23 Ultra	
P367	04 Останкинская башня/2023-05-27 16-59-00.JPG	2023-05-27 16:59:00				4000	2252	Galaxy S23 Ultra	
P368	04 Останкинская башня/2023-05-27 17-03-14.JPG	2023-05-27 17:03:14				4000	2252	Galaxy S23 Ultra	
P369	04 Останкинская башня/2023-05-27 17-04-22.JPG	2023-05-27 17:04:22				4000	2252	Galaxy S23 Ultra	
P370	04 Останкинская башня/2023-05-27 17-04-25.JPG	2023-05-27 17:04:25				4000	2252	Galaxy S23 Ultra	
P371	04 Останкинская башня/2023-05-27 17-04-31.JPG	2023-05-27 17:04:31				4000	2252	Galaxy S23 Ultra	
P372	04 Останкинская башня/2023-05-27 17-04-39.JPG	2023-05-27 17:04:39				4000	2252	Galaxy S23 Ultra	
P373	04 Останкинская башня/2023-05-27 17-05-10.JPG	2023-05-27 17:05:10				4000	2252	Galaxy S23 Ultra	
P374	04 Останкинская башня/2023-05-27 17-05-31.JPG	2023-05-27 17:05:31				4000	2252	Galaxy S23 Ultra	
P375	04 Останкинская башня/2023-05-27 17-06-24.JPG	2023-05-27 17:06:24				4000	2252	Galaxy S23 Ultra	
P376	04 Останкинская башня/2023-05-27 17-09-23.JPG	2023-05-27 17:09:23				4000	2252	Galaxy S23 Ultra	
P377	04 Останкинская башня/2023-05-27 17-09-28.JPG	2023-05-27 17:09:28				4000	2252	Galaxy S23 Ultra	
P378	04 Останкинская башня/2023-05-27 17-11-46.JPG	2023-05-27 17:11:46				4000	2252	Galaxy S23 Ultra	
P379	04 Останкинская башня/2023-05-27 17-11-48.JPG	2023-05-27 17:11:48				4000	2252	Galaxy S23 Ultra	
P380	04 Останкинская башня/2023-05-27 17-14-01.JPG	2023-05-27 17:14:01				4000	2252	Galaxy S23 Ultra	
P381	04 Останкинская башня/2023-05-27 17-14-11.JPG	2023-05-27 17:14:11				4000	2252	Galaxy S23 Ultra	
P382	04 Останкинская башня/2023-05-27 17-15-19.JPG	2023-05-27 17:15:19				4000	2252	Galaxy S23 Ultra	
P383	04 Останкинская башня/2023-05-27 17-15-24.JPG	2023-05-27 17:15:24				4000	2252	Galaxy S23 Ultra	
P384	04 Останкинская башня/2023-05-27 17-15-34.JPG	2023-05-27 17:15:34				4000	2252	Galaxy S23 Ultra	
P385	04 Останкинская башня/2023-05-27 17-15-39.JPG	2023-05-27 17:15:39				4000	2252	Galaxy S23 Ultra	
P386	04 Останкинская башня/2023-05-27 17-17-39.JPG	2023-05-27 17:17:39				4000	2252	Galaxy S23 Ultra	
P387	04 Останкинская башня/2023-05-27 17-20-05.JPG	2023-05-27 17:20:05				4000	2252	Galaxy S23 Ultra	
P388	04 Останкинская башня/2023-05-27 17-20-16.JPG	2023-05-27 17:20:16				4000	2252	Galaxy S23 Ultra	
P389	04 Останкинская башня/2023-05-27 17-21-12.JPG	2023-05-27 17:21:12				4000	2252	Galaxy S23 Ultra	
P390	04 Останкинская башня/2023-05-27 17-21-24.JPG	2023-05-27 17:21:24				4000	2252	Galaxy S23 Ultra	
P391	04 Останкинская башня/2023-05-27 17-21-30.JPG	2023-05-27 17:21:30				4000	2252	Galaxy S23 Ultra	
P392	04 Останкинская башня/2023-05-27 17-21-32.JPG	2023-05-27 17:21:32				4000	2252	Galaxy S23 Ultra	
P393	04 Останкинская башня/2023-05-27 17-21-38.JPG	2023-05-27 17:21:38				4000	2252	Galaxy S23 Ultra	
P394	04 Останкинская башня/2023-05-27 17-22-00.JPG	2023-05-27 17:22:00				4000	2252	Galaxy S23 Ultra	
P395	04 Останкинская башня/2023-05-27 17-24-10.JPG	2023-05-27 17:24:10				4000	3000	Galaxy S23 Ultra	
P396	04 Останкинская башня/2023-05-27 17-24-13.JPG	2023-05-27 17:24:13				4000	3000	Galaxy S23 Ultra	
P397	04 Останкинская башня/2023-05-27 17-32-21.JPG	2023-05-27 17:32:21				4000	2252	Galaxy S23 Ultra	
P398	04 Останкинская башня/2023-05-27 17-33-50.JPG	2023-05-27 17:33:50				4000	2252	Galaxy S23 Ultra	
P399	04 Останкинская башня/2023-05-27 17-33-59.JPG	2023-05-27 17:33:59				4000	2252	Galaxy S23 Ultra	
P400	04 Останкинская башня/2023-05-27 17-43-03.JPG	2023-05-27 17:43:03				4000	2252	Galaxy S23 Ultra	
P401	04 Останкинская башня/2023-05-27 17-47-56.JPG	2023-05-27 17:47:56				4000	2252	Galaxy S23 Ultra	
P402	04 Останкинская башня/2023-05-27 17-47-59.JPG	2023-05-27 17:47:59				4000	2252	Galaxy S23 Ultra	
P403	04 Останкинская башня/2023-05-27 17-50-42.JPG	2023-05-27 17:50:42				4000	2252	Galaxy S23 Ultra	
P404	04 Останкинская башня/2023-05-27 17-51-10.JPG	2023-05-27 17:51:10				4000	2252	Galaxy S23 Ultra	
P405	04 Останкинская башня/2023-05-27 17-54-00.JPG	2023-05-27 17:54:00				4000	2252	Galaxy S23 Ultra	
P406	04 Останкинская башня/2023-05-27 17-54-03.JPG	2023-05-27 17:54:03				4000	2252	Galaxy S23 Ultra	
P407	04 Останкинская башня/2023-05-27 17-59-15.JPG	2023-05-27 17:59:15				4000	2252	Galaxy S23 Ultra	
P408	04 Останкинская башня/2023-05-27 17-59-20.JPG	2023-05-27 17:59:20				4000	2252	Galaxy S23 Ultra	
P409	04 Останкинская башня/2023-05-27 18-03-38.JPG	2023-05-27 18:03:38				4000	2252	Galaxy S23 Ultra	
P410	04 Останкинская башня/2023-05-27 18-03-44.JPG	2023-05-27 18:03:44				4000	2252	Galaxy S23 Ultra	
P411	04 Останкинская башня/2023-05-27 18-31-02.JPG	2023-05-27 18:31:02				4000	2252	Galaxy S23 Ultra	
P412	04 Останкинская башня/2023-05-27 18-31-13.JPG	2023-05-27 18:31:13				4000	3000	Galaxy S23 Ultra	
P413	04 Останкинская башня/2023-05-27 18-34-22.JPG	2023-05-27 18:34:22				4000	2252	Galaxy S23 Ultra	
P414	04 Останкинская башня/2023-05-27 18-34-24.JPG	2023-05-27 18:34:24				4000	2252	Galaxy S23 Ultra	
P415	04 Останкинская башня/2023-05-27 18-34-30.JPG	2023-05-27 18:34:30				4000	3000	Galaxy S23 Ultra	
P416	04 Останкинская башня/2023-05-27 18-34-38.JPG	2023-05-27 18:34:38				4000	3000	Galaxy S23 Ultra	
P417	04 Останкинская башня/2023-05-27 18-35-40.JPG	2023-05-27 18:35:40				4000	2252	Galaxy S23 Ultra	
P418	04 Останкинская башня/2023-05-27 18-35-56.JPG	2023-05-27 18:35:56				4000	2252	Galaxy S23 Ultra	
P419	04 Останкинская башня/2023-05-27 18-36-21.JPG	2023-05-27 18:36:21				4000	2252	Galaxy S23 Ultra	
P420	05 Измайловский кремль/2023-05-28 17-17-14.JPG	2023-05-28 17:17:14				4000	2252	Galaxy S23 Ultra	
P421	05 Измайловский кремль/2023-05-28 17-20-00.JPG	2023-05-28 17:20:00				4000	2252	Galaxy S23 Ultra	
P422	05 Измайловский кремль/2023-05-28 17-20-09.JPG	2023-05-28 17:20:09				4000	2252	Galaxy S23 Ultra	
P423	05 Измайловский кремль/2023-05-28 17-20-59.JPG	2023-05-28 17:20:59				4000	2252	Galaxy S23 Ultra	
P424	05 Измайловский кремль/2023-05-28 17-22-16.JPG	2023-05-28 17:22:16				4000	2252	Galaxy S23 Ultra	
P425	05 Измайловский кремль/2023-05-28 17-23-31.JPG	2023-05-28 17:23:31				4000	2252	Galaxy S23 Ultra	
P426	05 Измайловский кремль/2023-05-28 17-24-29.JPG	2023-05-28 17:24:29				4000	2252	Galaxy S23 Ultra	
P427	05 Измайловский кремль/2023-05-28 17-24-33.JPG	2023-05-28 17:24:33				4000	2252	Galaxy S23 Ultra	
P428	05 Измайловский кремль/2023-05-28 17-26-13.JPG	2023-05-28 17:26:13				4000	2252	Galaxy S23 Ultra	
P429	05 Измайловский кремль/2023-05-28 17-26-20.JPG	2023-05-28 17:26:20				4000	2252	Galaxy S23 Ultra	
P430	05 Измайловский кремль/2023-05-28 17-26-23.JPG	2023-05-28 17:26:23				4000	2252	Galaxy S23 Ultra	
P431	05 Измайловский кремль/2023-05-28 17-28-07.JPG	2023-05-28 17:28:07				4000	2252	Galaxy S23 Ultra	
P432	05 Измайловский кремль/2023-05-28 17-28-12.JPG	2023-05-28 17:28:12				4000	2252	Galaxy S23 Ultra	
P433	05 Измайловский кремль/2023-05-28 17-35-41.JPG	2023-05-28 17:35:41				4000	2252	Galaxy S23 Ultra	
P434	05 Измайловский кремль/2023-05-28 17-35-51.JPG	2023-05-28 17:35:51				4000	2252	Galaxy S23 Ultra	
P435	05 Измайловский кремль/2023-05-28 17-46-00.JPG	2023-05-28 17:46:00				4000	2252	Galaxy S23 Ultra	
P436	05 Измайловский кремль/2023-05-28 17-46-18.JPG	2023-05-28 17:46:18				4000	2252	Galaxy S23 Ultra	
P437	05 Измайловский кремль/2023-05-28 17-46-39.JPG	2023-05-28 17:46:39				4000	2252	Galaxy S23 Ultra	
P438	05 Измайловский кремль/2023-05-28 17-46-49.JPG	2023-05-28 17:46:49				4000	2252	Galaxy S23 Ultra	
P439	05 Измайловский кремль/2023-05-28 17-48-47.JPG	2023-05-28 17:48:47				4000	2252	Galaxy S23 Ultra	
P440	05 Измайловский кремль/2023-05-28 17-48-52.JPG	2023-05-28 17:48:52				4000	2252	Galaxy S23 Ultra	
P441	05 Измайловский кремль/2023-05-28 17-48-55.JPG	2023-05-28 17:48:55				4000	2252	Galaxy S23 Ultra	
P442	05 Измайловский кремль/2023-05-28 17-48-59.JPG	2023-05-28 17:48:59				4000	2252	Galaxy S23 Ultra	
P443	05 Измайловский кремль/2023-05-28 17-49-12.JPG	2023-05-28 17:49:12				4000	2252	Galaxy S23 Ultra	
P444	05 Измайловский кремль/2023-05-28 17-49-19.JPG	2023-05-28 17:49:19				4000	2252	Galaxy S23 Ultra	
P445	05 Измайловский кремль/2023-05-28 17-49-46.JPG	2023-05-28 17:49:46				4000	2252	Galaxy S23 Ultra	
P446	05 Измайловский кремль/2023-05-28 17-50-01.JPG	2023-05-28 17:50:01				4000	2252	Galaxy S23 Ultra	
P447	05 Измайловский кремль/2023-05-28 17-50-02.JPG	2023-05-28 17:50:02				4000	2252	Galaxy S23 Ultra	
P448	05 Измайловский кремль/2023-05-28 17-50-04.JPG	2023-05-28 17:50:04				4000	2252	Galaxy S23 Ultra	
P449	05 Измайловский кремль/2023-05-28 17-59-40.JPG	2023-05-28 17:59:40				4000	2252	Galaxy S23 Ultra	
P450	05 Измайловский кремль/2023-05-28 17-59-44.JPG	2023-05-28 17:59:44				4000	2252	Galaxy S23 Ultra	
P451	05 Измайловский кремль/2023-05-28 17-59-48.JPG	2023-05-28 17:59:48				4000	2252	Galaxy S23 Ultra	
P452	05 Измайловский кремль/2023-05-28 18-01-01.JPG	2023-05-28 18:01:01				4000	2252	Galaxy S23 Ultra	
P453	05 Измайловский кремль/2023-05-28 18-01-05.JPG	2023-05-28 18:01:05				4000	2252	Galaxy S23 Ultra	
P454	05 Измайловский кремль/2023-05-28 18-01-07.JPG	2023-05-28 18:01:07				4000	2252	Galaxy S23 Ultra	
P455	05 Измайловский кремль/2023-05-28 18-01-21.JPG	2023-05-28 18:01:21				4000	2252	Galaxy S23 Ultra	
P456	05 Измайловский кремль/2023-05-28 18-22-46.JPG	2023-05-28 18:22:46				4000	2252	Galaxy S23 Ultra	
P457	05 Измайловский кремль/2023-05-28 18-22-51.JPG	2023-05-28 18:22:51				4000	2252	Galaxy S23 Ultra	
P458	05 Измайловский кремль/2023-05-28 18-22-54.JPG	2023-05-28 18:22:54				4000	2252	Galaxy S23 Ultra	
P459	05 Измайловский кремль/2023-05-28 18-23-03.JPG	2023-05-28 18:23:03				4000	2252	Galaxy S23 Ultra	
P460	05 Измайловский кремль/2023-05-28 18-23-10.JPG	2023-05-28 18:23:10				4000	2252	Galaxy S23 Ultra	
P461	05 Измайловский кремль/2023-05-28 18-23-50.JPG	2023-05-28 18:23:50				4000	2252	Galaxy S23 Ultra	
P462	05 Измайловский кремль/2023-05-28 18-33-32.JPG	2023-05-28 18:33:32				4000	2252	Galaxy S23 Ultra	
P463	05 Измайловский кремль/2023-05-28 18-33-36.JPG	2023-05-28 18:33:36				4000	2252	Galaxy S23 Ultra	
P464	05 Измайловский кремль/2023-05-28 18-33-39.JPG	2023-05-28 18:33:39				4000	2252	Galaxy S23 Ultra	
P465	05 Измайловский кремль/2023-05-28 18-33-42.JPG	2023-05-28 18:33:42				4000	2252	Galaxy S23 Ultra	
P466	05 Измайловский кремль/2023-05-28 18-33-44.JPG	2023-05-28 18:33:44				4000	2252	Galaxy S23 Ultra	
P467	05 Измайловский кремль/2023-05-28 18-55-26.JPG	2023-05-28 18:55:26				4000	2252	Galaxy S23 Ultra	
P468	05 Измайловский кремль/2023-05-28 18-55-46.JPG	2023-05-28 18:55:46				4000	2252	Galaxy S23 Ultra	
P469	05 Измайловский кремль/2023-05-28 18-56-02.JPG	2023-05-28 18:56:02				4000	2252	Galaxy S23 Ultra	
P470	05 Измайловский кремль/2023-05-28 18-56-03.JPG	2023-05-28 18:56:03				4000	2252	Galaxy S23 Ultra	
P471	06 день флага России в Лужниках 2023. Рок концерт/2023-08-22 16-39-37.JPG	2023-08-22 16:39:37	55.71565	37.55475	165	4000	2252	Galaxy S23 Ultra	
P472	06 день флага России в Лужниках 2023. Рок концерт/2023-08-22 16-39-39.JPG	2023-08-22 16:39:39	55.71549	37.5537	144	4000	2252	Galaxy S23 Ultra	
P473	06 день флага России в Лужниках 2023. Рок концерт/2023-08-22 16-42-39.JPG	2023-08-22 16:42:39	55.71556	37.55439	164	4000	2252	Galaxy S23 Ultra	
P474	06 день флага России в Лужниках 2023. Рок концерт/2023-08-22 16-43-50.JPG	2023-08-22 16:43:50	55.71619	37.5552	164	4000	2252	Galaxy S23 Ultra	
P475	06 день флага России в Лужниках 2023. Рок концерт/2023-08-22 16-43-52.JPG	2023-08-22 16:43:52	55.71644	37.55529	166	4000	2252	Galaxy S23 Ultra	
P476	06 день флага России в Лужниках 2023. Рок концерт/2023-08-22 16-44-00.JPG	2023-08-22 16:44:00	55.71644	37.55529	166	4000	2252	Galaxy S23 Ultra	
P477	06 день флага России в Лужниках 2023. Рок концерт/2023-08-22 16-44-08.JPG	2023-08-22 16:44:08	55.71647	37.55484	164	4000	2252	Galaxy S23 Ultra	
P478	06 день флага России в Лужниках 2023. Рок концерт/2023-08-22 16-46-04.JPG	2023-08-22 16:46:04	55.71548	37.55408	162	4000	2252	Galaxy S23 Ultra	
P479	06 день флага России в Лужниках 2023. Рок концерт/2023-08-22 16-48-18.JPG	2023-08-22 16:48:18	55.71599	37.55487	146	4000	2252	Galaxy S23 Ultra	
P480	06 день флага России в Лужниках 2023. Рок концерт/2023-08-22 16-48-20.JPG	2023-08-22 16:48:20	55.71574	37.55426	146	4000	2252	Galaxy S23 Ultra	
P481	06 день флага России в Лужниках 2023. Рок концерт/2023-08-22 16-48-21.JPG	2023-08-22 16:48:21	55.71564	37.55376	146	4000	2252	Galaxy S23 Ultra	
P482	06 день флага России в Лужниках 2023. Рок концерт/2023-08-22 20-09-51.JPG	2023-08-22 20:09:51	55.71557	37.55375	162	4000	2252	Galaxy S23 Ultra	
P483	06 день флага России в Лужниках 2023. Рок концерт/2023-08-22 20-09-55.JPG	2023-08-22 20:09:55	55.71623	37.55444	162	4000	2252	Galaxy S23 Ultra	
P484	06 день флага России в Лужниках 2023. Рок концерт/2023-08-22 21-41-57.JPG	2023-08-22 21:41:57	55.7155	37.55446	143	4000	2252	Galaxy S23 Ultra	
P485	06 день флага России в Лужниках 2023. Рок концерт/2023-08-22 21-41-59.JPG	2023-08-22 21:41:59	55.71554	37.5545	142	4000	2252	Galaxy S23 Ultra	
P486	06 день флага России в Лужниках 2023. Рок концерт/2023-08-22 21-42-00.JPG	2023-08-22 21:42:00	55.71554	37.5545	142	4000	2252	Galaxy S23 Ultra	
P487	06 день флага России в Лужниках 2023. Рок концерт/2023-08-22 21-42-01.JPG	2023-08-22 21:42:01	55.71556	37.55457	143	4000	2252	Galaxy S23 Ultra	
P488	06 день флага России в Лужниках 2023. Рок концерт/2023-08-22 21-42-02.JPG	2023-08-22 21:42:02	55.71552	37.55432	142	4000	2252	Galaxy S23 Ultra	
P489	06 день флага России в Лужниках 2023. Рок концерт/2023-08-22 21-42-03.JPG	2023-08-22 21:42:03	55.71552	37.55432	142	4000	2252	Galaxy S23 Ultra	
P490	06 день флага России в Лужниках 2023. Рок концерт/2023-08-22 23-25-28.JPG	2023-08-22 23:25:28	55.71608	37.5555	133	4000	2252	Galaxy S23 Ultra	
P491	06 день флага России в Лужниках 2023. Рок концерт/2023-08-22 23-32-40.JPG	2023-08-22 23:32:40	55.71242	37.5594	123	4000	2252	Galaxy S23 Ultra	
P492	06 день флага России в Лужниках 2023. Рок концерт/2023-08-22 23-32-44.JPG	2023-08-22 23:32:44	55.7124	37.55935	123	4000	2252	Galaxy S23 Ultra	
P493	07 Московский урбанистический форум/2023-08-27 18-51-44.JPG	2023-08-27 18:51:44	55.86381	37.43697	192	4000	2252	Galaxy S23 Ultra	
P494	07 Московский урбанистический форум/2023-08-27 19-05-12.JPG	2023-08-27 19:05:12	55.86381	37.43697	192	4000	2252	Galaxy S23 Ultra	
P495	07 Московский урбанистический форум/2023-08-27 19-45-14.JPG	2023-08-27 19:45:14	55.86381	37.43697	197	4000	2252	Galaxy S23 Ultra	
P496	07 Московский урбанистический форум/2023-08-27 19-45-23.JPG	2023-08-27 19:45:23	55.86381	37.43697	192	4000	2252	Galaxy S23 Ultra	
P497	07 Московский урбанистический форум/2023-08-27 19-46-04.JPG	2023-08-27 19:46:04	55.86381	37.43697	192	3392	2544	Galaxy S23 Ultra	
P498	07 Московский урбанистический форум/2023-08-27 19-46-08.JPG	2023-08-27 19:46:08	55.86381	37.43697	192	3392	2544	Galaxy S23 Ultra	
P499	07 Московский урбанистический форум/2023-08-27 19-59-30.JPG	2023-08-27 19:59:30	55.86381	37.43697	192	4000	2252	Galaxy S23 Ultra	
P500	07 Московский урбанистический форум/2023-08-27 19-59-39.JPG	2023-08-27 19:59:39	55.86381	37.43697	192	4000	2252	Galaxy S23 Ultra	
P501	07 Московский урбанистический форум/2023-08-27 19-59-42.JPG	2023-08-27 19:59:42	55.86381	37.43697	192	4000	2252	Galaxy S23 Ultra	
P502	07 Московский урбанистический форум/2023-08-27 19-59-46.JPG	2023-08-27 19:59:46	55.86381	37.43697	192	4000	2252	Galaxy S23 Ultra	
P503	07 Московский урбанистический форум/2023-08-27 20-05-18.JPG	2023-08-27 20:05:18	55.86381	37.43697	188	4000	2252	Galaxy S23 Ultra	
P504	07 Московский урбанистический форум/2023-08-27 20-05-30.JPG	2023-08-27 20:05:30	55.86381	37.43697	187	4000	2252	Galaxy S23 Ultra	
P505	07 Московский урбанистический форум/2023-08-27 20-53-18.JPG	2023-08-27 20:53:18	55.75661	37.62168	0	4000	2252	Galaxy S23 Ultra	
P506	07 Московский урбанистический форум/2023-08-27 21-47-56.JPG	2023-08-27 21:47:56	55.7514	37.62601	0	4000	2252	Galaxy S23 Ultra	
P507	07 Московский урбанистический форум/2023-08-27 21-48-01.JPG	2023-08-27 21:48:01	55.7514	37.62601	0	4000	2252	Galaxy S23 Ultra	
P508	07 Московский урбанистический форум/2023-08-28 08-55-02.JPG	2023-08-28 08:55:02	55.75464	37.62049	162	4000	2252	Galaxy S23 Ultra	
P509	07 Московский урбанистический форум/2023-08-28 09-57-58.JPG	2023-08-28 09:57:58	55.75643	37.62219	0	4000	2252	Galaxy S23 Ultra	
P510	07 Московский урбанистический форум/2023-08-28 09-58-00.JPG	2023-08-28 09:58:00	55.75643	37.62219	0	4000	2252	Galaxy S23 Ultra	
P511	07 Московский урбанистический форум/2023-08-28 09-58-01.JPG	2023-08-28 09:58:01	55.75643	37.62219	0	4000	2252	Galaxy S23 Ultra	
P512	07 Московский урбанистический форум/2023-08-28 09-58-04.JPG	2023-08-28 09:58:04	55.75643	37.62219	0	4000	2252	Galaxy S23 Ultra	
P513	07 Московский урбанистический форум/2023-08-28 11-11-22.JPG	2023-08-28 11:11:22	55.75661	37.62168	0	4000	2252	Galaxy S23 Ultra	
P514	07 Московский урбанистический форум/2023-08-28 11-11-24.JPG	2023-08-28 11:11:24	55.75661	37.62168	0	4000	2252	Galaxy S23 Ultra	
P515	07 Московский урбанистический форум/2023-08-28 12-24-01.JPG	2023-08-28 12:24:01	55.7514	37.62601	0	4000	2252	Galaxy S23 Ultra	
P516	07 Московский урбанистический форум/2023-08-28 14-36-01.JPG	2023-08-28 14:36:01	55.75661	37.62168	0	4000	2252	Galaxy S23 Ultra	
P517	07 Московский урбанистический форум/2023-08-28 14-37-02.JPG	2023-08-28 14:37:02	55.75661	37.62168	0	4000	2252	Galaxy S23 Ultra	
P518	07 Московский урбанистический форум/2023-08-28 14-42-06.JPG	2023-08-28 14:42:06	55.75661	37.62168	0	4000	2252	Galaxy S23 Ultra	
P519	07 Московский урбанистический форум/2023-08-28 14-42-11.JPG	2023-08-28 14:42:11	55.75661	37.62168	0	4000	2252	Galaxy S23 Ultra	
P520	07 Московский урбанистический форум/2023-08-28 14-42-18.JPG	2023-08-28 14:42:18	55.75661	37.62168	0	4000	2252	Galaxy S23 Ultra	
P521	07 Московский урбанистический форум/2023-08-28 14-42-41.JPG	2023-08-28 14:42:41	55.7514	37.62601	0	4000	2252	Galaxy S23 Ultra	
P522	07 Московский урбанистический форум/2023-08-28 14-43-03.JPG	2023-08-28 14:43:03	55.7514	37.62601	0	4000	2252	Galaxy S23 Ultra	
P523	07 Московский урбанистический форум/2023-08-28 14-44-56.JPG	2023-08-28 14:44:56	55.7514	37.62601	0	4000	2252	Galaxy S23 Ultra	
P524	07 Московский урбанистический форум/2023-08-28 14-45-08.JPG	2023-08-28 14:45:08	55.7514	37.62601	0	4000	2252	Galaxy S23 Ultra	
P525	07 Московский урбанистический форум/2023-08-28 14-51-51.JPG	2023-08-28 14:51:51	55.75577	37.62515	0	4000	2252	Galaxy S23 Ultra	
P526	07 Московский урбанистический форум/2023-08-28 14-52-05.JPG	2023-08-28 14:52:05	55.7514	37.62601	0	4000	2252	Galaxy S23 Ultra	
P527	07 Московский урбанистический форум/2023-08-28 14-52-33.JPG	2023-08-28 14:52:33	55.7514	37.62601	0	4000	2252	Galaxy S23 Ultra	
P528	07 Московский урбанистический форум/2023-08-28 14-53-04.JPG	2023-08-28 14:53:04	55.7514	37.62601	0	4000	2252	Galaxy S23 Ultra	
P529	07 Московский урбанистический форум/2023-08-28 14-53-33.JPG	2023-08-28 14:53:33	55.7514	37.62601	0	4000	2252	Galaxy S23 Ultra	
P530	07 Московский урбанистический форум/2023-08-28 14-53-48.JPG	2023-08-28 14:53:48	55.7514	37.62601	0	4000	2252	Galaxy S23 Ultra	
P531	07 Московский урбанистический форум/2023-08-28 14-54-04.JPG	2023-08-28 14:54:04	55.7514	37.62601	0	4000	2252	Galaxy S23 Ultra	
P532	07 Московский урбанистический форум/2023-08-28 14-54-18.JPG	2023-08-28 14:54:18	55.7514	37.62601	0	4000	2252	Galaxy S23 Ultra	
P533	07 Московский урбанистический форум/2023-08-28 14-58-44.JPG	2023-08-28 14:58:44	55.7514	37.62601	0	4000	2252	Galaxy S23 Ultra	
P534	07 Московский урбанистический форум/2023-08-28 14-58-59.JPG	2023-08-28 14:58:59	55.7514	37.62601	0	4000	2252	Galaxy S23 Ultra	
P535	07 Московский урбанистический форум/2023-08-28 14-59-13.JPG	2023-08-28 14:59:13	55.7514	37.62601	0	4000	2252	Galaxy S23 Ultra	
P536	07 Московский урбанистический форум/2023-08-28 15-01-04.JPG	2023-08-28 15:01:04	55.7514	37.62601	0	4000	2252	Galaxy S23 Ultra	
P537	07 Московский урбанистический форум/2023-08-28 15-40-55.JPG	2023-08-28 15:40:55	55.75486	37.62202	0	4000	2252	Galaxy S23 Ultra	
P538	07 Московский урбанистический форум/2023-08-28 16-22-56.JPG	2023-08-28 16:22:56	55.75475	37.62346	0	4000	2252	Galaxy S23 Ultra	
P539	07 Московский урбанистический форум/2023-08-28 17-50-28.JPG	2023-08-28 17:50:28	55.75322	37.61341	152	4000	2252	Galaxy S23 Ultra	
P540	07 Московский урбанистический форум/2023-08-28 17-55-48.JPG	2023-08-28 17:55:48	55.75323	37.61339	152	4000	2252	Galaxy S23 Ultra	
P541	07 Московский урбанистический форум/2023-08-28 17-55-55.JPG	2023-08-28 17:55:55	55.75322	37.61343	152	4000	2252	Galaxy S23 Ultra	
P542	07 Московский урбанистический форум/2023-08-28 17-56-00.JPG	2023-08-28 17:56:00	55.75322	37.61343	152	4000	2252	Galaxy S23 Ultra	
P543	07 Московский урбанистический форум/2023-08-28 18-12-41.JPG	2023-08-28 18:12:41	55.7532	37.61248	150	4000	2252	Galaxy S23 Ultra	
P544	07 Московский урбанистический форум/2023-08-28 18-28-58.JPG	2023-08-28 18:28:58	55.75324	37.61243	147	4000	2252	Galaxy S23 Ultra	
P545	07 Московский урбанистический форум/2023-08-28 18-29-05.JPG	2023-08-28 18:29:05	55.75324	37.61243	147	4000	2252	Galaxy S23 Ultra	
P546	07 Московский урбанистический форум/2023-08-28 18-29-08.JPG	2023-08-28 18:29:08	55.75324	37.61243	147	4000	2252	Galaxy S23 Ultra	
P547	07 Московский урбанистический форум/2023-08-28 18-29-13.JPG	2023-08-28 18:29:13	55.75324	37.61243	147	4000	2252	Galaxy S23 Ultra	
P548	07 Московский урбанистический форум/2023-08-28 18-29-20.JPG	2023-08-28 18:29:20	55.75324	37.61243	147	4000	2252	Galaxy S23 Ultra	
P549	07 Московский урбанистический форум/2023-08-28 18-29-56.JPG	2023-08-28 18:29:56	55.75321	37.61246	147	4000	2252	Galaxy S23 Ultra	
P550	07 Московский урбанистический форум/2023-08-28 18-30-00.JPG	2023-08-28 18:30:00	55.75321	37.61246	147	4000	2252	Galaxy S23 Ultra	
P551	07 Московский урбанистический форум/2023-08-28 18-30-15.JPG	2023-08-28 18:30:15	55.75321	37.61246	147	4000	2252	Galaxy S23 Ultra	
P552	07 Московский урбанистический форум/2023-08-28 18-30-21.JPG	2023-08-28 18:30:21	55.75321	37.61246	147	4000	2252	Galaxy S23 Ultra	
P553	07 Московский урбанистический форум/2023-08-28 18-30-31.JPG	2023-08-28 18:30:31	55.75317	37.61252	147	4000	2252	Galaxy S23 Ultra	
P554	07 Московский урбанистический форум/2023-08-28 18-30-49.JPG	2023-08-28 18:30:49	55.75321	37.61247	148	4000	2252	Galaxy S23 Ultra	
P555	07 Московский урбанистический форум/2023-08-28 18-32-35.JPG	2023-08-28 18:32:35	55.75298	37.61278	148	4000	2252	Galaxy S23 Ultra	
P556	08 новый стандарт поликлиник/2023-10-14 14-59-31.JPG	2023-10-14 14:59:31	55.67606	37.49925	214	4000	2252	Galaxy S23 Ultra	
P557	08 новый стандарт поликлиник/2023-10-14 14-59-39.JPG	2023-10-14 14:59:39	55.67606	37.49925	214	4000	2252	Galaxy S23 Ultra	
P558	08 новый стандарт поликлиник/2023-10-14 15-00-27.JPG	2023-10-14 15:00:27	55.67612	37.49932	214	4000	2252	Galaxy S23 Ultra	
P559	08 новый стандарт поликлиник/2023-10-14 15-00-37.JPG	2023-10-14 15:00:37	55.67612	37.49932	214	4000	2252	Galaxy S23 Ultra	
P560	08 новый стандарт поликлиник/2023-10-14 15-01-24.JPG	2023-10-14 15:01:24	55.67616	37.49935	214	4000	2252	Galaxy S23 Ultra	
P561	08 новый стандарт поликлиник/2023-10-14 15-02-41.JPG	2023-10-14 15:02:41	55.67622	37.49935	214	4000	2252	Galaxy S23 Ultra	
P562	09 Фестиваль Россия на ВДНХ/2023-12-03 13-24-34.JPG	2023-12-03 13:24:34	55.82935	37.63995	164	4000	2252	Galaxy S23 Ultra	
P563	09 Фестиваль Россия на ВДНХ/2023-12-03 13-26-18.JPG	2023-12-03 13:26:18	55.82934	37.64003	164	4000	2252	Galaxy S23 Ultra	
P564	09 Фестиваль Россия на ВДНХ/2023-12-03 13-27-59.JPG	2023-12-03 13:27:59	55.82954	37.6392	164	4000	2252	Galaxy S23 Ultra	
P565	09 Фестиваль Россия на ВДНХ/2023-12-03 15-28-55.JPG	2023-12-03 15:28:55	55.82965	37.6394	164	4000	2252	Galaxy S23 Ultra	
P566	09 Фестиваль Россия на ВДНХ/2023-12-03 16-57-10.JPG	2023-12-03 16:57:10	55.82981	37.63936	164	4000	2252	Galaxy S23 Ultra	
P567	09 Фестиваль Россия на ВДНХ/2023-12-03 18-40-30.JPG	2023-12-03 18:40:30	55.83038	37.63845	164	4000	2252	Galaxy S23 Ultra	
P568	09 Фестиваль Россия на ВДНХ/2023-12-03 18-40-31.JPG	2023-12-03 18:40:31	55.83038	37.63845	164	4000	2252	Galaxy S23 Ultra	
P569	09 Фестиваль Россия на ВДНХ/2023-12-03 18-40-33.JPG	2023-12-03 18:40:33	55.83038	37.63845	164	4000	2252	Galaxy S23 Ultra	
P570	09 Фестиваль Россия на ВДНХ/2023-12-03 18-40-35.JPG	2023-12-03 18:40:35	55.83038	37.63845	164	4000	2252	Galaxy S23 Ultra	
P571	09 Фестиваль Россия на ВДНХ/2023-12-03 18-40-38.JPG	2023-12-03 18:40:38	55.83038	37.63845	164	4000	2252	Galaxy S23 Ultra	
P572	09 Фестиваль Россия на ВДНХ/2023-12-03 18-40-41.JPG	2023-12-03 18:40:41	55.83037	37.63845	164	4000	2252	Galaxy S23 Ultra	
P573	09 Фестиваль Россия на ВДНХ/2023-12-03 18-40-42.JPG	2023-12-03 18:40:42	55.83037	37.63845	164	4000	2252	Galaxy S23 Ultra	
P574	09 Фестиваль Россия на ВДНХ/2023-12-03 18-58-21.JPG	2023-12-03 18:58:21	55.83032	37.63868	164	4000	2252	Galaxy S23 Ultra	
P575	09 Фестиваль Россия на ВДНХ/2023-12-03 18-58-25.JPG	2023-12-03 18:58:25	55.83032	37.63868	164	4000	2252	Galaxy S23 Ultra	
P576	09 Фестиваль Россия на ВДНХ/2023-12-03 20-33-39.JPG	2023-12-03 20:33:39	55.83036	37.63894	165	4000	2252	Galaxy S23 Ultra	
P577	09 Фестиваль Россия на ВДНХ/2023-12-03 20-33-46.JPG	2023-12-03 20:33:46	55.83036	37.63894	165	4000	2252	Galaxy S23 Ultra	
P578	09 Фестиваль Россия на ВДНХ/2023-12-03 21-25-42.JPG	2023-12-03 21:25:42	55.83171	37.63852	165	4000	2252	Galaxy S23 Ultra	
P579	09 Фестиваль Россия на ВДНХ/2023-12-03 21-25-48.JPG	2023-12-03 21:25:48	55.83171	37.63852	165	4000	2252	Galaxy S23 Ultra	
P580	09 Фестиваль Россия на ВДНХ/2023-12-03 21-25-52.JPG	2023-12-03 21:25:52	55.83171	37.63852	165	4000	2252	Galaxy S23 Ultra	
P581	09 Фестиваль Россия на ВДНХ/2023-12-03 21-33-21.JPG	2023-12-03 21:33:21	55.83122	37.63806	165	4000	2252	Galaxy S23 Ultra	
P582	09 Фестиваль Россия на ВДНХ/2023-12-03 21-35-16.JPG	2023-12-03 21:35:16	55.83119	37.63803	165	4000	2252	Galaxy S23 Ultra	
P583	09 Фестиваль Россия на ВДНХ/2023-12-03 21-35-18.JPG	2023-12-03 21:35:18	55.83119	37.63803	165	4000	2252	Galaxy S23 Ultra	
P584	09 Фестиваль Россия на ВДНХ/2023-12-03 21-35-19.JPG	2023-12-03 21:35:19	55.83119	37.63803	165	4000	2252	Galaxy S23 Ultra	
P585	09 Фестиваль Россия на ВДНХ/2023-12-03 21-35-20.JPG	2023-12-03 21:35:20	55.83119	37.63803	165	4000	2252	Galaxy S23 Ultra	
P586	09 Фестиваль Россия на ВДНХ/2023-12-03 21-35-21.JPG	2023-12-03 21:35:21	55.83119	37.63803	165	4000	2252	Galaxy S23 Ultra	
P587	09 Фестиваль Россия на ВДНХ/2023-12-03 21-35-22.JPG	2023-12-03 21:35:22	55.83119	37.63803	165	4000	2252	Galaxy S23 Ultra	
P588	09 Фестиваль Россия на ВДНХ/2023-12-03 21-35-27.JPG	2023-12-03 21:35:27	55.83119	37.63803	165	4000	2252	Galaxy S23 Ultra	
P589	09 Фестиваль Россия на ВДНХ/2023-12-03 21-35-30.JPG	2023-12-03 21:35:30	55.83119	37.63803	165	4000	2252	Galaxy S23 Ultra	
P590	09 Фестиваль Россия на ВДНХ/2023-12-03 21-35-32.JPG	2023-12-03 21:35:32	55.83119	37.63803	165	4000	2252	Galaxy S23 Ultra	
P591	09 Фестиваль Россия на ВДНХ/2023-12-03 21-35-33.JPG	2023-12-03 21:35:33	55.83119	37.63803	165	4000	2252	Galaxy S23 Ultra	
P592	09 Фестиваль Россия на ВДНХ/2023-12-03 21-35-36.JPG	2023-12-03 21:35:36	55.83119	37.63803	165	4000	2252	Galaxy S23 Ultra	
P593	09 Фестиваль Россия на ВДНХ/2023-12-03 21-35-37.JPG	2023-12-03 21:35:37	55.83119	37.63803	165	4000	2252	Galaxy S23 Ultra	
P594	09 Фестиваль Россия на ВДНХ/2023-12-03 21-35-38.JPG	2023-12-03 21:35:38	55.83119	37.63803	165	4000	2252	Galaxy S23 Ultra	
P595	09 Фестиваль Россия на ВДНХ/2023-12-03 21-35-40.JPG	2023-12-03 21:35:40	55.83119	37.63803	165	4000	2252	Galaxy S23 Ultra	
P596	09 Фестиваль Россия на ВДНХ/2023-12-03 21-35-41.JPG	2023-12-03 21:35:41	55.83119	37.63803	165	4000	2252	Galaxy S23 Ultra	
P597	09 Фестиваль Россия на ВДНХ/2023-12-03 21-37-12.JPG	2023-12-03 21:37:12	55.83122	37.63803	165	4000	2252	Galaxy S23 Ultra	
P598	09 Фестиваль Россия на ВДНХ/2023-12-03 21-37-14.JPG	2023-12-03 21:37:14	55.83122	37.63803	165	4000	2252	Galaxy S23 Ultra	
P599	09 Фестиваль Россия на ВДНХ/2023-12-03 21-37-16.JPG	2023-12-03 21:37:16	55.83122	37.63803	165	4000	2252	Galaxy S23 Ultra	
P600	09 Фестиваль Россия на ВДНХ/2023-12-03 21-37-22.JPG	2023-12-03 21:37:22	55.83122	37.63803	165	4000	2252	Galaxy S23 Ultra	
P601	09 Фестиваль Россия на ВДНХ/2023-12-03 21-37-24.JPG	2023-12-03 21:37:24	55.83122	37.63803	165	4000	2252	Galaxy S23 Ultra	
P602	09 Фестиваль Россия на ВДНХ/2023-12-03 23-44-29.JPG	2023-12-03 23:44:29	55.66374	37.48496	207	4000	2252	Galaxy S23 Ultra	
P603	09 Фестиваль Россия на ВДНХ/2023-12-04 00-57-51.JPG	2023-12-04 00:57:51	55.55471	37.46663	0	4000	2252	Galaxy S23 Ultra	
P604	09 Фестиваль Россия на ВДНХ/2023-12-04 00-57-55.JPG	2023-12-04 00:57:55	55.55471	37.46663	0	4000	2252	Galaxy S23 Ultra	
P605	09 Фестиваль Россия на ВДНХ/2023-12-04 01-41-13.JPG	2023-12-04 01:41:13	55.55455	37.46699	226	4000	2252	Galaxy S23 Ultra	
P606	09 Фестиваль Россия на ВДНХ/2023-12-09 19-29-20.JPG	2023-12-09 19:29:20	55.82653	37.6374	175	4000	2252	Galaxy S23 Ultra	
P607	09 Фестиваль Россия на ВДНХ/2023-12-09 19-29-28.JPG	2023-12-09 19:29:28	55.82653	37.6374	175	4000	2252	Galaxy S23 Ultra	
P608	09 Фестиваль Россия на ВДНХ/2023-12-09 23-20-29.JPG	2023-12-09 23:20:29	55.55646	37.46972	0	4000	2252	Galaxy S23 Ultra	
P609	09 Фестиваль Россия на ВДНХ/2023-12-10 13-17-58.JPG	2023-12-10 13:17:58	55.82847	37.63383	167	4000	2252	Galaxy S23 Ultra	
P610	09 Фестиваль Россия на ВДНХ/2023-12-10 13-18-03.JPG	2023-12-10 13:18:03	55.82847	37.63383	167	4000	2252	Galaxy S23 Ultra	
P611	09 Фестиваль Россия на ВДНХ/2023-12-10 13-18-20.JPG	2023-12-10 13:18:20	55.82863	37.63387	167	4000	2252	Galaxy S23 Ultra	
P612	09 Фестиваль Россия на ВДНХ/2023-12-10 13-18-30.JPG	2023-12-10 13:18:30	55.82863	37.63387	167	4000	2252	Galaxy S23 Ultra	
P613	09 Фестиваль Россия на ВДНХ/2023-12-10 13-19-48.JPG	2023-12-10 13:19:48	55.82842	37.63309	168	4000	2252	Galaxy S23 Ultra	
P614	09 Фестиваль Россия на ВДНХ/2023-12-10 13-23-54.JPG	2023-12-10 13:23:54	55.82841	37.63306	168	4000	2252	Galaxy S23 Ultra	
P615	09 Фестиваль Россия на ВДНХ/2023-12-10 13-29-09.JPG	2023-12-10 13:29:09	55.82898	37.63368	167	4000	2252	Galaxy S23 Ultra	
P616	09 Фестиваль Россия на ВДНХ/2023-12-10 13-32-54.JPG	2023-12-10 13:32:54	55.82897	37.63371	167	4000	2252	Galaxy S23 Ultra	
P617	09 Фестиваль Россия на ВДНХ/2023-12-10 13-37-09.JPG	2023-12-10 13:37:09	55.8287	37.63362	167	4000	2252	Galaxy S23 Ultra	
P618	09 Фестиваль Россия на ВДНХ/2023-12-10 13-37-11.JPG	2023-12-10 13:37:11	55.8287	37.63362	167	4000	2252	Galaxy S23 Ultra	
P619	09 Фестиваль Россия на ВДНХ/2023-12-10 13-41-09.JPG	2023-12-10 13:41:09	55.82874	37.63367	167	4000	2252	Galaxy S23 Ultra	
P620	09 Фестиваль Россия на ВДНХ/2023-12-10 14-09-04.JPG	2023-12-10 14:09:04	55.83009	37.63449	165	4000	2252	Galaxy S23 Ultra	
P621	09 Фестиваль Россия на ВДНХ/2023-12-10 15-02-33.JPG	2023-12-10 15:02:33	55.82863	37.63163	166	4000	2252	Galaxy S23 Ultra	
P622	09 Фестиваль Россия на ВДНХ/2023-12-10 15-38-29.JPG	2023-12-10 15:38:29	55.82845	37.63178	166	4000	2252	Galaxy S23 Ultra	
P623	09 Фестиваль Россия на ВДНХ/2023-12-10 15-47-39.JPG	2023-12-10 15:47:39	55.82824	37.63157	149	4000	2252	Galaxy S23 Ultra	
P624	09 Фестиваль Россия на ВДНХ/2023-12-10 16-54-47.JPG	2023-12-10 16:54:47	55.83193	37.63066	164	4000	2252	Galaxy S23 Ultra	
P625	09 Фестиваль Россия на ВДНХ/2023-12-10 16-54-50.JPG	2023-12-10 16:54:50	55.83193	37.63066	164	4000	2252	Galaxy S23 Ultra	
P626	09 Фестиваль Россия на ВДНХ/2023-12-10 17-46-31.JPG	2023-12-10 17:46:31	55.83055	37.63648	166	4000	2252	Galaxy S23 Ultra	
P627	09 Фестиваль Россия на ВДНХ/2023-12-10 17-46-39.JPG	2023-12-10 17:46:39	55.83055	37.63648	166	4000	2252	Galaxy S23 Ultra	
P628	09 Фестиваль Россия на ВДНХ/2023-12-10 18-19-24.JPG	2023-12-10 18:19:24	55.83129	37.63076	165	4000	2252	Galaxy S23 Ultra	
P629	09 Фестиваль Россия на ВДНХ/2023-12-10 18-19-32.JPG	2023-12-10 18:19:32	55.83129	37.63076	165	4000	2252	Galaxy S23 Ultra	
P630	09 Фестиваль Россия на ВДНХ/2023-12-10 18-30-47.JPG	2023-12-10 18:30:47	55.8316	37.63027	165	4000	2252	Galaxy S23 Ultra	
P631	09 Фестиваль Россия на ВДНХ/2023-12-10 18-30-50.JPG	2023-12-10 18:30:50	55.8316	37.63027	165	4000	2252	Galaxy S23 Ultra	
P632	09 Фестиваль Россия на ВДНХ/2023-12-10 18-52-35.JPG	2023-12-10 18:52:35	55.83296	37.6259	153	4000	2252	Galaxy S23 Ultra	
P633	09 Фестиваль Россия на ВДНХ/2023-12-10 18-52-40.JPG	2023-12-10 18:52:40	55.83296	37.6259	153	4000	2252	Galaxy S23 Ultra	
P634	09 Фестиваль Россия на ВДНХ/2023-12-10 18-52-51.JPG	2023-12-10 18:52:51	55.83296	37.6259	151	4000	2252	Galaxy S23 Ultra	
P635	09 Фестиваль Россия на ВДНХ/2023-12-10 20-08-49.JPG	2023-12-10 20:08:49	55.83301	37.62502	154	4000	2252	Galaxy S23 Ultra	
P636	09 Фестиваль Россия на ВДНХ/2023-12-10 20-10-24.JPG	2023-12-10 20:10:24	55.83265	37.6247	165	4000	2252	Galaxy S23 Ultra	
P637	09 Фестиваль Россия на ВДНХ/2023-12-10 20-24-18.JPG	2023-12-10 20:24:18	55.83265	37.62482	157	4000	2252	Galaxy S23 Ultra	
P638	09 Фестиваль Россия на ВДНХ/2023-12-10 20-24-23.JPG	2023-12-10 20:24:23	55.83265	37.62482	157	4000	2252	Galaxy S23 Ultra	
P639	09 Фестиваль Россия на ВДНХ/2023-12-10 21-01-34.JPG	2023-12-10 21:01:34	55.83226	37.62478	152	4000	2252	Galaxy S23 Ultra	
P640	09 Фестиваль Россия на ВДНХ/2023-12-10 21-01-38.JPG	2023-12-10 21:01:38	55.83227	37.62478	152	4000	2252	Galaxy S23 Ultra	
P641	09 Фестиваль Россия на ВДНХ/2023-12-10 21-01-42.JPG	2023-12-10 21:01:42	55.83227	37.62478	152	4000	2252	Galaxy S23 Ultra	
P642	09 Фестиваль Россия на ВДНХ/2023-12-10 21-01-49.JPG	2023-12-10 21:01:49	55.83227	37.62478	152	4000	2252	Galaxy S23 Ultra	
P643	09 Фестиваль Россия на ВДНХ/2023-12-10 21-03-46.JPG	2023-12-10 21:03:46	55.83235	37.62468	152	4000	2252	Galaxy S23 Ultra	
P644	09 Фестиваль Россия на ВДНХ/2023-12-10 21-03-52.JPG	2023-12-10 21:03:52	55.83235	37.62468	152	4000	2252	Galaxy S23 Ultra	
P645	09 Фестиваль Россия на ВДНХ/2023-12-10 21-05-29.JPG	2023-12-10 21:05:29	55.83253	37.6248	154	4000	2252	Galaxy S23 Ultra	
P646	09 Фестиваль Россия на ВДНХ/2023-12-10 21-06-43.JPG	2023-12-10 21:06:43	55.83232	37.6247	152	4000	2252	Galaxy S23 Ultra	
P647	09 Фестиваль Россия на ВДНХ/2023-12-10 21-06-47.JPG	2023-12-10 21:06:47	55.83232	37.6247	152	4000	2252	Galaxy S23 Ultra	
P648	09 Фестиваль Россия на ВДНХ/2023-12-10 21-09-50.JPG	2023-12-10 21:09:50	55.8323	37.62495	153	4000	2252	Galaxy S23 Ultra	
P649	09 Фестиваль Россия на ВДНХ/2023-12-10 21-11-07.JPG	2023-12-10 21:11:07	55.83237	37.62462	152	4000	2252	Galaxy S23 Ultra	
P650	09 Фестиваль Россия на ВДНХ/2023-12-10 21-11-10.JPG	2023-12-10 21:11:10	55.83237	37.62462	152	4000	2252	Galaxy S23 Ultra	
P651	09 Фестиваль Россия на ВДНХ/2023-12-10 21-29-17.JPG	2023-12-10 21:29:17	55.83272	37.62483	160	4000	2252	Galaxy S23 Ultra	
P652	09 Фестиваль Россия на ВДНХ/2023-12-10 21-29-22.JPG	2023-12-10 21:29:22	55.83272	37.62483	160	4000	2252	Galaxy S23 Ultra	
P653	09 Фестиваль Россия на ВДНХ/2023-12-10 21-29-28.JPG	2023-12-10 21:29:28	55.83272	37.62483	160	4000	2252	Galaxy S23 Ultra	
P654	09 Фестиваль Россия на ВДНХ/2023-12-10 21-43-30.JPG	2023-12-10 21:43:30	55.83234	37.62466	165	4000	2252	Galaxy S23 Ultra	
P655	09 Фестиваль Россия на ВДНХ/2023-12-10 21-43-32.JPG	2023-12-10 21:43:32	55.83234	37.62466	165	4000	2252	Galaxy S23 Ultra	
P656	09 Фестиваль Россия на ВДНХ/2023-12-10 21-54-23.JPG	2023-12-10 21:54:23	55.83186	37.62873	163	4000	2252	Galaxy S23 Ultra	
P657	09 Фестиваль Россия на ВДНХ/2023-12-10 21-54-26.JPG	2023-12-10 21:54:26	55.83103	37.62881	171	4000	2252	Galaxy S23 Ultra	
P658	09 Фестиваль Россия на ВДНХ/2023-12-10 21-54-29.JPG	2023-12-10 21:54:29	55.83106	37.6288	173	4000	2252	Galaxy S23 Ultra	
P659	09 Фестиваль Россия на ВДНХ/2023-12-10 21-58-09.JPG	2023-12-10 21:58:09	55.82954	37.6317	164	4000	2252	Galaxy S23 Ultra	
P660	09 Фестиваль Россия на ВДНХ/2023-12-10 21-58-12.JPG	2023-12-10 21:58:12	55.82953	37.6317	163	4000	2252	Galaxy S23 Ultra	
P661	09 Фестиваль Россия на ВДНХ/2023-12-10 21-58-14.JPG	2023-12-10 21:58:14	55.82953	37.6317	163	4000	2252	Galaxy S23 Ultra	
P662	09 Фестиваль Россия на ВДНХ/2023-12-10 21-58-24.JPG	2023-12-10 21:58:24	55.82953	37.63175	160	4000	2252	Galaxy S23 Ultra	
P663	09 Фестиваль Россия на ВДНХ/2023-12-10 22-03-00.JPG	2023-12-10 22:03:00	55.8282	37.63581	157	4000	2252	Galaxy S23 Ultra	
P664	09 Фестиваль Россия на ВДНХ/2023-12-10 22-03-02.JPG	2023-12-10 22:03:02	55.8282	37.63579	157	4000	2252	Galaxy S23 Ultra	
P665	09 Фестиваль Россия на ВДНХ/2023-12-13 09-18-38.JPG	2023-12-13 09:18:38				4000	2252	Galaxy S23 Ultra	
P666	09 Фестиваль Россия на ВДНХ/2023-12-14 13-39-52.JPG	2023-12-14 13:39:52	55.55455	37.46697	236	4000	2252	Galaxy S23 Ultra	
P667	09 Фестиваль Россия на ВДНХ/2023-12-15 18-54-08.JPG	2023-12-15 18:54:08				4000	2252	Galaxy S23 Ultra	
P668	09 Фестиваль Россия на ВДНХ/2023-12-16 01-23-48.JPG	2023-12-16 01:23:48	55.55448	37.46676	248	4000	2252	Galaxy S23 Ultra	
P669	09 Фестиваль Россия на ВДНХ/2023-12-16 01-23-51.JPG	2023-12-16 01:23:51	55.55448	37.46676	248	4000	2252	Galaxy S23 Ultra	
P670	09 Фестиваль Россия на ВДНХ/2023-12-16 14-28-31.JPG	2023-12-16 14:28:31	55.74092	37.65703	163	4000	2252	Galaxy S23 Ultra	
P671	09 Фестиваль Россия на ВДНХ/2023-12-16 16-01-46.JPG	2023-12-16 16:01:46	55.83089	37.62973	167	4000	2252	Galaxy S23 Ultra	
P672	09 Фестиваль Россия на ВДНХ/2023-12-16 16-01-52.JPG	2023-12-16 16:01:52	55.83091	37.62977	166	4000	2252	Galaxy S23 Ultra	
P673	09 Фестиваль Россия на ВДНХ/2023-12-16 16-02-03.JPG	2023-12-16 16:02:03	55.83091	37.62977	166	4000	2252	Galaxy S23 Ultra	
P674	09 Фестиваль Россия на ВДНХ/2023-12-16 16-07-00.JPG	2023-12-16 16:07:00	55.83097	37.6299	161	4000	2252	Galaxy S23 Ultra	
P675	09 Фестиваль Россия на ВДНХ/2023-12-16 16-07-04.JPG	2023-12-16 16:07:04	55.83093	37.62988	162	4000	2252	Galaxy S23 Ultra	
P676	09 Фестиваль Россия на ВДНХ/2023-12-16 16-07-11.JPG	2023-12-16 16:07:11	55.83093	37.62988	162	4000	2252	Galaxy S23 Ultra	
P677	09 Фестиваль Россия на ВДНХ/2023-12-16 16-19-17.JPG	2023-12-16 16:19:17	55.83106	37.6295	159	4000	2252	Galaxy S23 Ultra	
P678	09 Фестиваль Россия на ВДНХ/2023-12-16 16-23-33.JPG	2023-12-16 16:23:33	55.83109	37.62952	159	4000	3000	Galaxy S23 Ultra	
P679	09 Фестиваль Россия на ВДНХ/2023-12-16 16-27-51.JPG	2023-12-16 16:27:51	55.83114	37.62962	166	4000	2252	Galaxy S23 Ultra	
P680	09 Фестиваль Россия на ВДНХ/2023-12-16 16-28-26.JPG	2023-12-16 16:28:26	55.83109	37.62934	164	4000	2252	Galaxy S23 Ultra	
P681	09 Фестиваль Россия на ВДНХ/2023-12-16 16-29-07.JPG	2023-12-16 16:29:07	55.83109	37.62933	164	4000	2252	Galaxy S23 Ultra	
P682	09 Фестиваль Россия на ВДНХ/2023-12-16 17-03-10.JPG	2023-12-16 17:03:10	55.83083	37.63041	159	4000	2252	Galaxy S23 Ultra	
P683	09 Фестиваль Россия на ВДНХ/2023-12-16 17-28-56.JPG	2023-12-16 17:28:56	55.83102	37.63036	155	4000	2252	Galaxy S23 Ultra	
P684	09 Фестиваль Россия на ВДНХ/2023-12-16 17-29-25.JPG	2023-12-16 17:29:25	55.83102	37.63035	156	4000	2252	Galaxy S23 Ultra	
P685	09 Фестиваль Россия на ВДНХ/2023-12-16 17-29-43.JPG	2023-12-16 17:29:43	55.83103	37.63035	157	4000	2252	Galaxy S23 Ultra	
P686	09 Фестиваль Россия на ВДНХ/2023-12-16 17-30-13.JPG	2023-12-16 17:30:13	55.8311	37.63042	156	4000	2252	Galaxy S23 Ultra	
P687	09 Фестиваль Россия на ВДНХ/2023-12-16 20-35-59.JPG	2023-12-16 20:35:59	55.83991	37.62571	152	4000	2252	Galaxy S23 Ultra	
P688	09 Фестиваль Россия на ВДНХ/2023-12-19 10-00-12.JPG	2023-12-19 10:00:12	55.72942	37.58126	152	3392	2544	Galaxy S23 Ultra	
P689	09 Фестиваль Россия на ВДНХ/2023-12-19 10-00-17.JPG	2023-12-19 10:00:17	55.72942	37.58126	152	4000	3000	Galaxy S23 Ultra	
P690	09 Фестиваль Россия на ВДНХ/2023-12-19 10-00-18.JPG	2023-12-19 10:00:18	55.72942	37.58126	152	4000	3000	Galaxy S23 Ultra	
P691	09 Фестиваль Россия на ВДНХ/2023-12-20 00-58-08.JPG	2023-12-20 00:58:08	55.55462	37.46681	220	4000	2252	Galaxy S23 Ultra	
P692	09 Фестиваль Россия на ВДНХ/2023-12-20 00-58-17.JPG	2023-12-20 00:58:17	55.55462	37.46675	213	4000	2252	Galaxy S23 Ultra	
P693	09 Фестиваль Россия на ВДНХ/2023-12-20 00-58-21.JPG	2023-12-20 00:58:21	55.55462	37.46675	213	4000	2252	Galaxy S23 Ultra	
P694	09 Фестиваль Россия на ВДНХ/2023-12-20 16-18-13.JPG	2023-12-20 16:18:13	55.55454	37.46696	236	4000	2252	Galaxy S23 Ultra	
P695	09 Фестиваль Россия на ВДНХ/2023-12-20 16-53-07.JPG	2023-12-20 16:53:07	55.55455	37.46695	236	4000	2252	Galaxy S23 Ultra	
P696	09 Фестиваль Россия на ВДНХ/2023-12-20 16-53-21.JPG	2023-12-20 16:53:21	55.55455	37.46695	236	4000	2252	Galaxy S23 Ultra	
P697	09 Фестиваль Россия на ВДНХ/2023-12-20 16-53-33.JPG	2023-12-20 16:53:33	55.55455	37.46695	236	4000	2252	Galaxy S23 Ultra	
P698	09 Фестиваль Россия на ВДНХ/2023-12-20 16-53-45.JPG	2023-12-20 16:53:45	55.55455	37.46695	236	4000	2252	Galaxy S23 Ultra	
P699	09 Фестиваль Россия на ВДНХ/2023-12-20 17-00-14.JPG	2023-12-20 17:00:14	55.55455	37.46695	236	4000	2252	Galaxy S23 Ultra	
P700	09 Фестиваль Россия на ВДНХ/2023-12-20 17-07-21.JPG	2023-12-20 17:07:21	55.5545	37.4669	236	4000	2252	Galaxy S23 Ultra	
P701	09 Фестиваль Россия на ВДНХ/2023-12-20 17-07-33.JPG	2023-12-20 17:07:33	55.55453	37.46691	236	4000	2252	Galaxy S23 Ultra	
P702	09 Фестиваль Россия на ВДНХ/2023-12-20 17-17-10.JPG	2023-12-20 17:17:10	55.55454	37.46695	236	4000	2252	Galaxy S23 Ultra	
P703	09 Фестиваль Россия на ВДНХ/2023-12-20 17-17-19.JPG	2023-12-20 17:17:19	55.55454	37.46695	236	4000	2252	Galaxy S23 Ultra	
P704	09 Фестиваль Россия на ВДНХ/2023-12-20 17-18-24.JPG	2023-12-20 17:18:24	55.5545	37.46688	236	4000	2252	Galaxy S23 Ultra	
P705	09 Фестиваль Россия на ВДНХ/2023-12-20 20-26-01.JPG	2023-12-20 20:26:01	55.72837	37.58088	152	4000	2252	Galaxy S23 Ultra	
P706	09 Фестиваль Россия на ВДНХ/2023-12-21 11-35-50.JPG	2023-12-21 11:35:50	55.55453	37.46698	236	4000	2252	Galaxy S23 Ultra	
P707	09 Фестиваль Россия на ВДНХ/2023-12-21 11-35-59.JPG	2023-12-21 11:35:59	55.55452	37.46694	236	4000	2252	Galaxy S23 Ultra	
P708	09 Фестиваль Россия на ВДНХ/2023-12-21 11-36-41.JPG	2023-12-21 11:36:41	55.55453	37.46698	236	4000	2252	Galaxy S23 Ultra	
P709	09 Фестиваль Россия на ВДНХ/2023-12-21 13-55-31.JPG	2023-12-21 13:55:31	55.55453	37.46696	236	4000	2252	Galaxy S23 Ultra	
P710	09 Фестиваль Россия на ВДНХ/2023-12-21 13-55-34.JPG	2023-12-21 13:55:34	55.55453	37.46696	236	4000	2252	Galaxy S23 Ultra	
P711	09 Фестиваль Россия на ВДНХ/2023-12-21 13-55-42.JPG	2023-12-21 13:55:42	55.55453	37.46696	236	4000	2252	Galaxy S23 Ultra	
P712	09 Фестиваль Россия на ВДНХ/2023-12-21 13-55-45.JPG	2023-12-21 13:55:45	55.55453	37.46696	236	4000	2252	Galaxy S23 Ultra	
P713	09 Фестиваль Россия на ВДНХ/2023-12-21 13-55-49.JPG	2023-12-21 13:55:49	55.55453	37.46696	236	4000	2252	Galaxy S23 Ultra	
P714	09 Фестиваль Россия на ВДНХ/2023-12-21 13-55-53.JPG	2023-12-21 13:55:53	55.55453	37.46696	236	4000	2252	Galaxy S23 Ultra	
P715	09 Фестиваль Россия на ВДНХ/2023-12-21 13-55-57.JPG	2023-12-21 13:55:57	55.55453	37.46696	236	4000	2252	Galaxy S23 Ultra	
P716	09 Фестиваль Россия на ВДНХ/2023-12-21 13-56-00.JPG	2023-12-21 13:56:00	55.55453	37.46696	236	4000	2252	Galaxy S23 Ultra	
P717	09 Фестиваль Россия на ВДНХ/2023-12-21 13-56-18.JPG	2023-12-21 13:56:18	55.55453	37.46696	236	4000	2252	Galaxy S23 Ultra	
P718	09 Фестиваль Россия на ВДНХ/2023-12-21 13-56-40.JPG	2023-12-21 13:56:40	55.55453	37.46696	236	4000	2252	Galaxy S23 Ultra	
P719	09 Фестиваль Россия на ВДНХ/2023-12-21 17-35-35.JPG	2023-12-21 17:35:35	55.83751	37.61826	143	4000	2252	Galaxy S23 Ultra	
P720	09 Фестиваль Россия на ВДНХ/2023-12-21 17-54-55.JPG	2023-12-21 17:54:55	55.83731	37.61921	166	4000	2252	Galaxy S23 Ultra	
P721	09 Фестиваль Россия на ВДНХ/2023-12-21 18-28-21.JPG	2023-12-21 18:28:21	55.83595	37.6199	166	4000	2252	Galaxy S23 Ultra	
P722	09 Фестиваль Россия на ВДНХ/2023-12-21 18-28-24.JPG	2023-12-21 18:28:24	55.83595	37.6199	166	4000	2252	Galaxy S23 Ultra	
P723	09 Фестиваль Россия на ВДНХ/2023-12-21 18-28-29.JPG	2023-12-21 18:28:29	55.83595	37.6199	166	4000	2252	Galaxy S23 Ultra	
P724	09 Фестиваль Россия на ВДНХ/2023-12-21 19-07-57.JPG	2023-12-21 19:07:57	55.83609	37.62031	165	4000	2252	Galaxy S23 Ultra	
P725	09 Фестиваль Россия на ВДНХ/2023-12-21 19-08-22.JPG	2023-12-21 19:08:22	55.83609	37.62031	165	4000	2252	Galaxy S23 Ultra	
P726	09 Фестиваль Россия на ВДНХ/2023-12-21 19-34-03.JPG	2023-12-21 19:34:03	55.83643	37.61941	166	4000	2252	Galaxy S23 Ultra	
P727	09 Фестиваль Россия на ВДНХ/2023-12-21 19-34-11.JPG	2023-12-21 19:34:11	55.83654	37.61977	181	4000	2252	Galaxy S23 Ultra	
P728	09 Фестиваль Россия на ВДНХ/2023-12-21 19-51-44.JPG	2023-12-21 19:51:44	55.83544	37.62331	165	4000	2252	Galaxy S23 Ultra	
P729	09 Фестиваль Россия на ВДНХ/2023-12-21 19-53-44.JPG	2023-12-21 19:53:44	55.83547	37.62333	165	4000	2252	Galaxy S23 Ultra	
P730	09 Фестиваль Россия на ВДНХ/2023-12-21 19-54-06.JPG	2023-12-21 19:54:06	55.83546	37.62329	165	4000	2252	Galaxy S23 Ultra	
P731	09 Фестиваль Россия на ВДНХ/2023-12-21 19-54-16.JPG	2023-12-21 19:54:16	55.83546	37.62329	165	4000	2252	Galaxy S23 Ultra	
P732	09 Фестиваль Россия на ВДНХ/2023-12-21 20-13-49.JPG	2023-12-21 20:13:49	55.83522	37.62316	164	4000	2252	Galaxy S23 Ultra	
P733	09 Фестиваль Россия на ВДНХ/2023-12-22 13-35-37.JPG	2023-12-22 13:35:37	55.73648	37.53407	172	4000	2252	Galaxy S23 Ultra	
P734	09 Фестиваль Россия на ВДНХ/2023-12-22 18-09-54.JPG	2023-12-22 18:09:54	55.73628	37.53157	170	4000	2252	Galaxy S23 Ultra	
P735	09 Фестиваль Россия на ВДНХ/2023-12-22 18-09-59.JPG	2023-12-22 18:09:59	55.73628	37.53157	170	4000	2252	Galaxy S23 Ultra	
P736	09 Фестиваль Россия на ВДНХ/2023-12-23 15-09-42.JPG	2023-12-23 15:09:42				4000	2252	Galaxy S23 Ultra	
P737	09 Фестиваль Россия на ВДНХ/2023-12-23 15-14-55.JPG	2023-12-23 15:14:55				4000	2252	Galaxy S23 Ultra	
P738	09 Фестиваль Россия на ВДНХ/2023-12-23 15-18-43.JPG	2023-12-23 15:18:43	55.55427	37.46649	194	4000	2252	Galaxy S23 Ultra	
P739	09 Фестиваль Россия на ВДНХ/2023-12-23 15-27-58.JPG	2023-12-23 15:27:58	55.55429	37.46637	193	4000	2252	Galaxy S23 Ultra	
P740	09 Фестиваль Россия на ВДНХ/2023-12-23 15-30-13.JPG	2023-12-23 15:30:13	55.55413	37.4663	195	4000	2252	Galaxy S23 Ultra	
P741	09 Фестиваль Россия на ВДНХ/2023-12-24 11-55-06.JPG	2023-12-24 11:55:06	55.83652	37.61659	157	4000	2252	Galaxy S23 Ultra	
P742	09 Фестиваль Россия на ВДНХ/2023-12-24 11-55-08.JPG	2023-12-24 11:55:08	55.83653	37.6166	158	4000	2252	Galaxy S23 Ultra	
P743	09 Фестиваль Россия на ВДНХ/2023-12-24 11-55-21.JPG	2023-12-24 11:55:21	55.83653	37.6166	158	4000	2252	Galaxy S23 Ultra	
P744	09 Фестиваль Россия на ВДНХ/2023-12-24 11-55-35.JPG	2023-12-24 11:55:35	55.83653	37.6166	158	4000	2252	Galaxy S23 Ultra	
P745	09 Фестиваль Россия на ВДНХ/2023-12-24 12-03-24.JPG	2023-12-24 12:03:24	55.83638	37.61638	167	4000	2252	Galaxy S23 Ultra	
P746	09 Фестиваль Россия на ВДНХ/2023-12-24 12-06-44.JPG	2023-12-24 12:06:44	55.83672	37.61731	182	4000	2252	Galaxy S23 Ultra	
P747	09 Фестиваль Россия на ВДНХ/2023-12-24 12-08-38.JPG	2023-12-24 12:08:38	55.8368	37.61849	150	4000	2252	Galaxy S23 Ultra	
P748	09 Фестиваль Россия на ВДНХ/2023-12-24 12-08-43.JPG	2023-12-24 12:08:43	55.83683	37.61848	153	4000	2252	Galaxy S23 Ultra	
P749	09 Фестиваль Россия на ВДНХ/2023-12-24 12-09-44.JPG	2023-12-24 12:09:44	55.83675	37.61939	149	4000	2252	Galaxy S23 Ultra	
P750	09 Фестиваль Россия на ВДНХ/2023-12-24 12-14-16.JPG	2023-12-24 12:14:16	55.83793	37.62082	145	4000	2252	Galaxy S23 Ultra	
P751	09 Фестиваль Россия на ВДНХ/2023-12-24 12-16-57.JPG	2023-12-24 12:16:57	55.8378	37.62332	145	4000	2252	Galaxy S23 Ultra	
P752	09 Фестиваль Россия на ВДНХ/2023-12-24 12-38-48.JPG	2023-12-24 12:38:48	55.83829	37.62337	161	4000	2252	Galaxy S23 Ultra	
P753	09 Фестиваль Россия на ВДНХ/2023-12-24 12-38-51.JPG	2023-12-24 12:38:51	55.83829	37.62337	161	4000	2252	Galaxy S23 Ultra	
P754	09 Фестиваль Россия на ВДНХ/2023-12-24 12-38-56.JPG	2023-12-24 12:38:56	55.83829	37.62337	161	4000	2252	Galaxy S23 Ultra	
P755	09 Фестиваль Россия на ВДНХ/2023-12-24 14-05-02.JPG	2023-12-24 14:05:02	55.83819	37.62387	159	4000	2252	Galaxy S23 Ultra	
P756	09 Фестиваль Россия на ВДНХ/2023-12-24 14-05-20.JPG	2023-12-24 14:05:20	55.83819	37.62387	159	4000	2252	Galaxy S23 Ultra	
P757	09 Фестиваль Россия на ВДНХ/2023-12-24 14-05-39.JPG	2023-12-24 14:05:39	55.83819	37.62387	159	4000	2252	Galaxy S23 Ultra	
P758	09 Фестиваль Россия на ВДНХ/2023-12-24 14-07-15.JPG	2023-12-24 14:07:15	55.83796	37.62319	159	4000	2252	Galaxy S23 Ultra	
P759	09 Фестиваль Россия на ВДНХ/2023-12-24 14-10-24.JPG	2023-12-24 14:10:24	55.8377	37.62423	160	4000	2252	Galaxy S23 Ultra	
P760	09 Фестиваль Россия на ВДНХ/2023-12-24 14-10-26.JPG	2023-12-24 14:10:26	55.8377	37.62423	160	4000	2252	Galaxy S23 Ultra	
P761	09 Фестиваль Россия на ВДНХ/2023-12-24 14-10-58.JPG	2023-12-24 14:10:58	55.83802	37.62331	159	4000	2252	Galaxy S23 Ultra	
P762	09 Фестиваль Россия на ВДНХ/2023-12-24 14-11-01.JPG	2023-12-24 14:11:01	55.83802	37.62331	159	4000	2252	Galaxy S23 Ultra	
P763	09 Фестиваль Россия на ВДНХ/2023-12-24 14-11-18.JPG	2023-12-24 14:11:18	55.83781	37.62405	160	4000	2252	Galaxy S23 Ultra	
P764	09 Фестиваль Россия на ВДНХ/2023-12-24 14-12-47.JPG	2023-12-24 14:12:47	55.83802	37.6233	159	4000	2252	Galaxy S23 Ultra	
P765	09 Фестиваль Россия на ВДНХ/2023-12-24 14-12-54.JPG	2023-12-24 14:12:54	55.83802	37.6233	159	4000	2252	Galaxy S23 Ultra	
P766	09 Фестиваль Россия на ВДНХ/2023-12-24 14-15-21.JPG	2023-12-24 14:15:21	55.8377	37.62436	160	4000	2252	Galaxy S23 Ultra	
P767	09 Фестиваль Россия на ВДНХ/2023-12-24 14-15-31.JPG	2023-12-24 14:15:31	55.83798	37.62432	93	4000	2252	Galaxy S23 Ultra	
P768	09 Фестиваль Россия на ВДНХ/2023-12-24 14-18-10.JPG	2023-12-24 14:18:10	55.83782	37.62374	160	4000	2252	Galaxy S23 Ultra	
P769	09 Фестиваль Россия на ВДНХ/2023-12-24 14-18-48.JPG	2023-12-24 14:18:48	55.83803	37.62435	120	4000	2252	Galaxy S23 Ultra	
P770	09 Фестиваль Россия на ВДНХ/2023-12-24 14-18-59.JPG	2023-12-24 14:18:59	55.83802	37.62434	120	4000	2252	Galaxy S23 Ultra	
P771	09 Фестиваль Россия на ВДНХ/2023-12-24 14-21-07.JPG	2023-12-24 14:21:07	55.83772	37.62475	0	4000	2252	Galaxy S23 Ultra	
P772	09 Фестиваль Россия на ВДНХ/2023-12-24 14-21-10.JPG	2023-12-24 14:21:10	55.83809	37.62458	150	4000	2252	Galaxy S23 Ultra	
P773	09 Фестиваль Россия на ВДНХ/2023-12-24 14-23-23.JPG	2023-12-24 14:23:23	55.83766	37.62416	160	4000	2252	Galaxy S23 Ultra	
P774	09 Фестиваль Россия на ВДНХ/2023-12-24 14-31-27.JPG	2023-12-24 14:31:27	55.83813	37.62419	143	4000	2252	Galaxy S23 Ultra	
P775	09 Фестиваль Россия на ВДНХ/2023-12-24 14-31-29.JPG	2023-12-24 14:31:29	55.83813	37.62419	143	4000	2252	Galaxy S23 Ultra	
P776	09 Фестиваль Россия на ВДНХ/2023-12-24 14-31-35.JPG	2023-12-24 14:31:35	55.83813	37.62419	143	4000	2252	Galaxy S23 Ultra	
P777	09 Фестиваль Россия на ВДНХ/2023-12-24 14-31-36.JPG	2023-12-24 14:31:36	55.83813	37.62419	143	4000	2252	Galaxy S23 Ultra	
P778	09 Фестиваль Россия на ВДНХ/2023-12-24 15-01-43.JPG	2023-12-24 15:01:43	55.83979	37.62741	141	4000	2252	Galaxy S23 Ultra	
P779	09 Фестиваль Россия на ВДНХ/2023-12-24 16-59-32.JPG	2023-12-24 16:59:32	55.84083	37.62694	137	4000	2252	Galaxy S23 Ultra	
P780	09 Фестиваль Россия на ВДНХ/2023-12-24 16-59-38.JPG	2023-12-24 16:59:38	55.84083	37.62694	137	4000	2252	Galaxy S23 Ultra	
P781	09 Фестиваль Россия на ВДНХ/2023-12-24 18-11-37.JPG	2023-12-24 18:11:37	55.83998	37.62775	155	4000	2252	Galaxy S23 Ultra	
P782	09 Фестиваль Россия на ВДНХ/2023-12-24 18-11-40.JPG	2023-12-24 18:11:40	55.83998	37.62775	155	4000	2252	Galaxy S23 Ultra	
P783	09 Фестиваль Россия на ВДНХ/2023-12-24 18-11-43.JPG	2023-12-24 18:11:43	55.83998	37.62775	155	4000	2252	Galaxy S23 Ultra	
P784	09 Фестиваль Россия на ВДНХ/2023-12-24 18-11-53.JPG	2023-12-24 18:11:53	55.83998	37.62775	155	4000	2252	Galaxy S23 Ultra	
P785	09 Фестиваль Россия на ВДНХ/2023-12-24 18-12-00.JPG	2023-12-24 18:12:00	55.83998	37.62775	155	4000	2252	Galaxy S23 Ultra	
P786	09 Фестиваль Россия на ВДНХ/2023-12-24 18-12-42.JPG	2023-12-24 18:12:42	55.83966	37.62709	146	4000	2252	Galaxy S23 Ultra	
P787	09 Фестиваль Россия на ВДНХ/2023-12-24 18-54-56.JPG	2023-12-24 18:54:56	55.83329	37.62812	163	4000	2252	Galaxy S23 Ultra	
P788	09 Фестиваль Россия на ВДНХ/2023-12-24 18-55-14.JPG	2023-12-24 18:55:14	55.83329	37.62812	163	4000	2252	Galaxy S23 Ultra	
P789	09 Фестиваль Россия на ВДНХ/2023-12-24 18-55-16.JPG	2023-12-24 18:55:16	55.83329	37.62812	163	4000	2252	Galaxy S23 Ultra	
P790	09 Фестиваль Россия на ВДНХ/2023-12-24 18-56-45.JPG	2023-12-24 18:56:45	55.83328	37.62817	163	4000	2252	Galaxy S23 Ultra	
P791	09 Фестиваль Россия на ВДНХ/2023-12-24 18-56-59.JPG	2023-12-24 18:56:59	55.83328	37.62817	163	4000	2252	Galaxy S23 Ultra	
P792	09 Фестиваль Россия на ВДНХ/2023-12-24 19-00-45.JPG	2023-12-24 19:00:45	55.83335	37.6283	162	4000	2252	Galaxy S23 Ultra	
P793	09 Фестиваль Россия на ВДНХ/2023-12-24 19-00-46.JPG	2023-12-24 19:00:46	55.83335	37.6283	162	4000	2252	Galaxy S23 Ultra	
P794	09 Фестиваль Россия на ВДНХ/2023-12-24 19-00-49.JPG	2023-12-24 19:00:49	55.83347	37.62828	177	4000	2252	Galaxy S23 Ultra	
P795	09 Фестиваль Россия на ВДНХ/2023-12-24 19-05-55.JPG	2023-12-24 19:05:55	55.8333	37.62818	162	4000	2252	Galaxy S23 Ultra	
P796	09 Фестиваль Россия на ВДНХ/2023-12-24 19-18-51.JPG	2023-12-24 19:18:51	55.83328	37.62818	163	4000	2252	Galaxy S23 Ultra	
P797	09 Фестиваль Россия на ВДНХ/2023-12-24 19-18-53.JPG	2023-12-24 19:18:53	55.83328	37.62818	163	4000	2252	Galaxy S23 Ultra	
P798	09 Фестиваль Россия на ВДНХ/2023-12-24 19-18-58.JPG	2023-12-24 19:18:58	55.83328	37.62818	163	4000	2252	Galaxy S23 Ultra	
P799	09 Фестиваль Россия на ВДНХ/2023-12-24 19-20-32.JPG	2023-12-24 19:20:32	55.83333	37.6282	163	4000	2252	Galaxy S23 Ultra	
P800	09 Фестиваль Россия на ВДНХ/2023-12-24 19-26-42.JPG	2023-12-24 19:26:42	55.83322	37.62796	181	4000	2252	Galaxy S23 Ultra	
P801	09 Фестиваль Россия на ВДНХ/2023-12-24 19-55-58.JPG	2023-12-24 19:55:58	55.83572	37.62513	163	4000	2252	Galaxy S23 Ultra	
P802	09 Фестиваль Россия на ВДНХ/2023-12-24 20-02-48.JPG	2023-12-24 20:02:48	55.83564	37.62439	122	4000	2252	Galaxy S23 Ultra	
P803	09 Фестиваль Россия на ВДНХ/2023-12-24 20-03-06.JPG	2023-12-24 20:03:06	55.83578	37.62447	153	4000	2252	Galaxy S23 Ultra	
P804	09 Фестиваль Россия на ВДНХ/2023-12-24 21-02-57.JPG	2023-12-24 21:02:57	55.83574	37.62508	163	4000	2252	Galaxy S23 Ultra	
P805	09 Фестиваль Россия на ВДНХ/2023-12-24 21-33-05.JPG	2023-12-24 21:33:05	55.8233	37.6422	0	4000	2252	Galaxy S23 Ultra	
P806	09 Фестиваль Россия на ВДНХ/2023-12-24 22-45-36.JPG	2023-12-24 22:45:36	55.55777	37.46754	196	4000	2252	Galaxy S23 Ultra	
P807	09 Фестиваль Россия на ВДНХ/2023-12-24 23-18-38.JPG	2023-12-24 23:18:38				4000	2252	Galaxy S23 Ultra	
P808	09 Фестиваль Россия на ВДНХ/2023-12-24 23-57-42.JPG	2023-12-24 23:57:42	55.55431	37.46698	192	4000	3000	Galaxy S23 Ultra	
P809	09 Фестиваль Россия на ВДНХ/2023-12-24 23-58-57.JPG	2023-12-24 23:58:57	55.55451	37.46694	236	4000	2252	Galaxy S23 Ultra	
P810	09 Фестиваль Россия на ВДНХ/2023-12-30 15-27-31.JPG	2023-12-30 15:27:31				4000	2252	Galaxy S23 Ultra	
P811	09 Фестиваль Россия на ВДНХ/2023-12-30 15-27-37.JPG	2023-12-30 15:27:37				4000	2252	Galaxy S23 Ultra	
P812	09 Фестиваль Россия на ВДНХ/2023-12-30 15-29-17.JPG	2023-12-30 15:29:17	55.8342	37.62622	165	4000	2252	Galaxy S23 Ultra	
P813	09 Фестиваль Россия на ВДНХ/2023-12-30 15-29-23.JPG	2023-12-30 15:29:23	55.8342	37.62622	165	4000	2252	Galaxy S23 Ultra	
P814	09 Фестиваль Россия на ВДНХ/2023-12-30 15-29-44.JPG	2023-12-30 15:29:44	55.83423	37.6262	165	4000	2252	Galaxy S23 Ultra	
P815	09 Фестиваль Россия на ВДНХ/2023-12-30 15-31-23.JPG	2023-12-30 15:31:23	55.83422	37.62631	165	4000	2252	Galaxy S23 Ultra	
P816	09 Фестиваль Россия на ВДНХ/2023-12-30 15-31-40.JPG	2023-12-30 15:31:40	55.83425	37.62619	165	4000	2252	Galaxy S23 Ultra	
P817	09 Фестиваль Россия на ВДНХ/2023-12-30 15-31-47.JPG	2023-12-30 15:31:47	55.83425	37.62619	165	4000	2252	Galaxy S23 Ultra	
P818	09 Фестиваль Россия на ВДНХ/2023-12-30 15-32-01.JPG	2023-12-30 15:32:01	55.83421	37.62623	165	4000	2252	Galaxy S23 Ultra	
P819	09 Фестиваль Россия на ВДНХ/2023-12-30 15-32-29.JPG	2023-12-30 15:32:29	55.83426	37.62624	165	4000	2252	Galaxy S23 Ultra	
P820	09 Фестиваль Россия на ВДНХ/2023-12-30 15-33-29.JPG	2023-12-30 15:33:29	55.83424	37.62625	165	4000	2252	Galaxy S23 Ultra	
P821	09 Фестиваль Россия на ВДНХ/2023-12-30 15-34-00.JPG	2023-12-30 15:34:00	55.83425	37.62626	165	4000	2252	Galaxy S23 Ultra	
P822	09 Фестиваль Россия на ВДНХ/2023-12-30 15-34-58.JPG	2023-12-30 15:34:58	55.83426	37.62623	165	4000	2252	Galaxy S23 Ultra	
P823	09 Фестиваль Россия на ВДНХ/2023-12-30 15-38-09.JPG	2023-12-30 15:38:09	55.83423	37.62621	165	4000	2252	Galaxy S23 Ultra	
P824	09 Фестиваль Россия на ВДНХ/2023-12-30 15-39-15.JPG	2023-12-30 15:39:15	55.83424	37.62624	165	4000	2252	Galaxy S23 Ultra	
P825	09 Фестиваль Россия на ВДНХ/2023-12-30 15-59-13.JPG	2023-12-30 15:59:13	55.83464	37.62561	164	4000	2252	Galaxy S23 Ultra	
P826	09 Фестиваль Россия на ВДНХ/2023-12-30 15-59-16.JPG	2023-12-30 15:59:16	55.83464	37.62561	164	4000	2252	Galaxy S23 Ultra	
P827	09 Фестиваль Россия на ВДНХ/2023-12-30 15-59-18.JPG	2023-12-30 15:59:18	55.83464	37.62561	164	4000	2252	Galaxy S23 Ultra	
P828	09 Фестиваль Россия на ВДНХ/2023-12-30 15-59-21.JPG	2023-12-30 15:59:21	55.83464	37.62561	164	4000	2252	Galaxy S23 Ultra	
P829	09 Фестиваль Россия на ВДНХ/2023-12-30 16-04-02.JPG	2023-12-30 16:04:02	55.83467	37.62559	164	4000	2252	Galaxy S23 Ultra	
P830	09 Фестиваль Россия на ВДНХ/2023-12-30 16-04-08.JPG	2023-12-30 16:04:08	55.83467	37.62559	164	4000	2252	Galaxy S23 Ultra	
P831	09 Фестиваль Россия на ВДНХ/2023-12-30 16-04-48.JPG	2023-12-30 16:04:48	55.83465	37.62559	164	4000	2252	Galaxy S23 Ultra	
P832	09 Фестиваль Россия на ВДНХ/2023-12-30 16-14-12.JPG	2023-12-30 16:14:12	55.83467	37.62563	165	4000	2252	Galaxy S23 Ultra	
P833	09 Фестиваль Россия на ВДНХ/2023-12-30 16-43-27.JPG	2023-12-30 16:43:27	55.83409	37.62658	165	4000	2252	Galaxy S23 Ultra	
P834	09 Фестиваль Россия на ВДНХ/2023-12-30 16-44-15.JPG	2023-12-30 16:44:15	55.83403	37.6266	165	4000	2252	Galaxy S23 Ultra	
P835	09 Фестиваль Россия на ВДНХ/2023-12-30 17-22-50.JPG	2023-12-30 17:22:50	55.8346	37.62581	165	4000	2252	Galaxy S23 Ultra	
P836	09 Фестиваль Россия на ВДНХ/2023-12-30 17-32-29.JPG	2023-12-30 17:32:29	55.83423	37.62622	165	4000	2252	Galaxy S23 Ultra	
P837	09 Фестиваль Россия на ВДНХ/2023-12-30 17-34-25.JPG	2023-12-30 17:34:25	55.83422	37.62618	165	4000	2252	Galaxy S23 Ultra	
P838	09 Фестиваль Россия на ВДНХ/2023-12-30 18-52-57.JPG	2023-12-30 18:52:57	55.83572	37.62509	165	4000	2252	Galaxy S23 Ultra	
P839	09 Фестиваль Россия на ВДНХ/2023-12-30 20-42-51.JPG	2023-12-30 20:42:51	55.8381	37.6272	156	4000	2252	Galaxy S23 Ultra	
P840	09 Фестиваль Россия на ВДНХ/2023-12-30 20-43-00.JPG	2023-12-30 20:43:00	55.8381	37.6272	158	4000	2252	Galaxy S23 Ultra	
P841	09 Фестиваль Россия на ВДНХ/2023-12-30 20-43-05.JPG	2023-12-30 20:43:05	55.8381	37.6272	158	4000	2252	Galaxy S23 Ultra	
P842	09 Фестиваль Россия на ВДНХ/2023-12-30 21-11-01.JPG	2023-12-30 21:11:01	55.83337	37.62628	173	4000	2252	Galaxy S23 Ultra	
P843	09 Фестиваль Россия на ВДНХ/2023-12-30 21-11-15.JPG	2023-12-30 21:11:15	55.83333	37.62655	158	4000	2252	Galaxy S23 Ultra	
P844	09 Фестиваль Россия на ВДНХ/2023-12-30 21-16-50.JPG	2023-12-30 21:16:50	55.83319	37.62653	158	4000	2252	Galaxy S23 Ultra	
P845	09 Фестиваль Россия на ВДНХ/2023-12-30 21-16-57.JPG	2023-12-30 21:16:57	55.83319	37.6266	163	4000	2252	Galaxy S23 Ultra	
P846	09 Фестиваль Россия на ВДНХ/2023-12-30 21-17-09.JPG	2023-12-30 21:17:09	55.83319	37.62657	163	4000	2252	Galaxy S23 Ultra	
P847	09 Фестиваль Россия на ВДНХ/2023-12-30 21-17-14.JPG	2023-12-30 21:17:14	55.83319	37.62656	162	4000	2252	Galaxy S23 Ultra	
P848	09 Фестиваль Россия на ВДНХ/2023-12-31 00-06-45.JPG	2023-12-31 00:06:45	55.55453	37.46702	227	4000	2252	Galaxy S23 Ultra	
P849	09 Фестиваль Россия на ВДНХ/2023-12-31 09-58-04.JPG	2023-12-31 09:58:04				4000	2252	Galaxy S23 Ultra	
P850	09 Фестиваль Россия на ВДНХ/2023-12-31 23-07-35.JPG	2023-12-31 23:07:35	55.75331	37.54378	148	4000	2252	Galaxy S23 Ultra	
P851	09 Фестиваль Россия на ВДНХ/2023-12-31 23-19-04.JPG	2023-12-31 23:19:04	55.75411	37.5502	146	4000	2252	Galaxy S23 Ultra	
P852	09 Фестиваль Россия на ВДНХ/2023-12-31 23-59-22.JPG	2023-12-31 23:59:22	55.78791	37.53171	175	4000	2252	Galaxy S23 Ultra	
P853	09 Фестиваль Россия на ВДНХ/2023-12-31 23-59-28.JPG	2023-12-31 23:59:28	55.78791	37.53171	175	4000	2252	Galaxy S23 Ultra	
P854	09 Фестиваль Россия на ВДНХ/2024-01-17 12-39-35.JPG	2024-01-17 12:39:35	55.82996	37.63902	165	4000	2252	Galaxy S23 Ultra	
P855	09 Фестиваль Россия на ВДНХ/2024-01-17 12-39-48.JPG	2024-01-17 12:39:48	55.82993	37.63903	165	4000	2252	Galaxy S23 Ultra	
P856	09 Фестиваль Россия на ВДНХ/2024-01-17 12-40-11.JPG	2024-01-17 12:40:11	55.82987	37.63906	165	4000	2252	Galaxy S23 Ultra	
P857	09 Фестиваль Россия на ВДНХ/2024-01-17 12-40-19.JPG	2024-01-17 12:40:19	55.82987	37.63906	165	4000	2252	Galaxy S23 Ultra	
P858	09 Фестиваль Россия на ВДНХ/2024-01-17 16-39-38.JPG	2024-01-17 16:39:38	55.83381	37.6195	168	4000	2252	Galaxy S23 Ultra	
P859	09 Фестиваль Россия на ВДНХ/2024-01-17 16-40-16.JPG	2024-01-17 16:40:16	55.83386	37.6196	0	4000	2252	Galaxy S23 Ultra	
P860	09 Фестиваль Россия на ВДНХ/2024-01-17 17-36-16.JPG	2024-01-17 17:36:16	55.83334	37.63461	167	4000	2252	Galaxy S23 Ultra	
P861	09 Фестиваль Россия на ВДНХ/2024-01-17 17-36-20.JPG	2024-01-17 17:36:20	55.83334	37.63461	167	4000	2252	Galaxy S23 Ultra	
P862	09 Фестиваль Россия на ВДНХ/2024-01-17 19-23-31.JPG	2024-01-17 19:23:31	55.83241	37.62458	172	4000	2252	Galaxy S23 Ultra	
P863	09 Фестиваль Россия на ВДНХ/2024-01-17 19-23-36.JPG	2024-01-17 19:23:36	55.83241	37.62458	172	4000	2252	Galaxy S23 Ultra	
P864	09 Фестиваль Россия на ВДНХ/2024-01-17 19-23-47.JPG	2024-01-17 19:23:47	55.83241	37.62458	172	4000	2252	Galaxy S23 Ultra	
P865	09 Фестиваль Россия на ВДНХ/2024-01-17 19-23-50.JPG	2024-01-17 19:23:50	55.83241	37.62458	172	4000	2252	Galaxy S23 Ultra	
P866	09 Фестиваль Россия на ВДНХ/2024-01-17 19-37-20.JPG	2024-01-17 19:37:20	55.83241	37.62458	173	4000	2252	Galaxy S23 Ultra	
P867	09 Фестиваль Россия на ВДНХ/2024-01-17 20-47-38.JPG	2024-01-17 20:47:38	55.83247	37.62479	178	4000	2252	Galaxy S23 Ultra	
P868	09 Фестиваль Россия на ВДНХ/2024-01-17 20-47-40.JPG	2024-01-17 20:47:40	55.83247	37.62479	178	4000	2252	Galaxy S23 Ultra	
P869	09 Фестиваль Россия на ВДНХ/2024-01-17 22-30-10.JPG	2024-01-17 22:30:10	55.83574	37.62512	163	4000	2252	Galaxy S23 Ultra	
P870	10 новый 2024 год/2024-01-01 00-01-08.JPG	2024-01-01 00:01:08	55.7833	37.53224	182	4000	2252	Galaxy S23 Ultra	
P871	10 новый 2024 год/2024-01-01 00-01-36.JPG	2024-01-01 00:01:36	55.78477	37.52925	171	4000	2252	Galaxy S23 Ultra	
P872	10 новый 2024 год/2024-01-01 00-01-43.JPG	2024-01-01 00:01:43	55.78477	37.52925	171	4000	2252	Galaxy S23 Ultra	
P873	10 новый 2024 год/2024-01-01 00-14-24.JPG	2024-01-01 00:14:24	55.7879	37.53171	175	4000	2252	Galaxy S23 Ultra	
P874	10 новый 2024 год/2024-01-01 00-14-33.JPG	2024-01-01 00:14:33	55.7879	37.53171	175	4000	3000	Galaxy S23 Ultra	
P875	10 новый 2024 год/2024-01-01 00-14-35.JPG	2024-01-01 00:14:35	55.7879	37.53171	175	4000	3000	Galaxy S23 Ultra	
P876	10 новый 2024 год/2024-01-01 00-32-58.JPG	2024-01-01 00:32:58	55.78318	37.53208	182	4000	2252	Galaxy S23 Ultra	
P877	10 новый 2024 год/2024-01-01 00-59-29.JPG	2024-01-01 00:59:29	55.78797	37.53003	158	4000	3000	Galaxy S23 Ultra	
P878	10 новый 2024 год/2024-01-01 00-59-31.JPG	2024-01-01 00:59:31	55.78797	37.53003	158	4000	3000	Galaxy S23 Ultra	
P879	10 новый 2024 год/2024-01-01 00-59-38.JPG	2024-01-01 00:59:38	55.78797	37.53003	158	4000	2252	Galaxy S23 Ultra	
P880	10 новый 2024 год/2024-01-01 00-59-43.JPG	2024-01-01 00:59:43	55.78797	37.53003	158	4000	2252	Galaxy S23 Ultra	
P881	10 новый 2024 год/2024-01-01 00-59-48.JPG	2024-01-01 00:59:48	55.78797	37.53003	158	4000	2252	Galaxy S23 Ultra	
P882	10 новый 2024 год/2024-01-01 00-59-52.JPG	2024-01-01 00:59:52	55.78797	37.53003	158	4000	2252	Galaxy S23 Ultra	
P883	11 около работы/2024-02-22 11-17-27.JPG	2024-02-22 11:17:27				4000	2252	Galaxy S23 Ultra	
P884	11 около работы/2024-02-22 11-20-43.JPG	2024-02-22 11:20:43	55.74101	37.53532	161	4000	2252	Galaxy S23 Ultra	
P885	11 около работы/2024-02-22 11-20-50.JPG	2024-02-22 11:20:50	55.74101	37.53532	161	4000	2252	Galaxy S23 Ultra	
P886	11 около работы/2024-02-22 11-21-04.JPG	2024-02-22 11:21:04	55.74101	37.53532	161	4000	2252	Galaxy S23 Ultra	
P887	11 около работы/2024-02-22 11-21-11.JPG	2024-02-22 11:21:11	55.74101	37.53532	161	4000	2252	Galaxy S23 Ultra	
P888	11 около работы/2024-02-22 11-22-38.JPG	2024-02-22 11:22:38	55.73876	37.5326	166	4000	2252	Galaxy S23 Ultra	
P889	11 около работы/2024-02-22 14-28-59.JPG	2024-02-22 14:28:59	55.73633	37.53379	173	4000	2252	Galaxy S23 Ultra	
P890	11 около работы/2024-02-22 14-29-07.JPG	2024-02-22 14:29:07	55.73633	37.53379	173	4000	2252	Galaxy S23 Ultra	
P891	11 около работы/2024-02-22 14-31-21.JPG	2024-02-22 14:31:21	55.73632	37.53378	173	4000	2252	Galaxy S23 Ultra	
P892	11 около работы/2024-02-22 18-06-11.JPG	2024-02-22 18:06:11	55.73661	37.53192	168	4000	2252	Galaxy S23 Ultra	
P893	11 около работы/2024-02-22 18-06-15.JPG	2024-02-22 18:06:15	55.73661	37.53192	168	4000	2252	Galaxy S23 Ultra	
P894	11 около работы/2024-02-22 18-06-19.JPG	2024-02-22 18:06:19	55.73661	37.53192	168	4000	2252	Galaxy S23 Ultra	
P895	11 около работы/2024-02-22 18-06-22.JPG	2024-02-22 18:06:22	55.73661	37.53192	168	4000	2252	Galaxy S23 Ultra	
P896	11 около работы/2024-02-22 18-06-23.JPG	2024-02-22 18:06:23	55.73662	37.53175	169	4000	2252	Galaxy S23 Ultra	
P897	12 просто погожий денёк/2024-05-25 11-17-55.JPG	2024-05-25 11:17:55	55.72691	37.54255	143	4000	2252	Galaxy S23 Ultra	
P898	12 просто погожий денёк/2024-05-25 11-51-45.JPG	2024-05-25 11:51:45	55.73451	37.59813	145	4000	2252	Galaxy S23 Ultra	
P899	12 просто погожий денёк/2024-05-25 11-51-59.JPG	2024-05-25 11:51:59	55.73516	37.59415	145	4000	2252	Galaxy S23 Ultra	
P900	12 просто погожий денёк/2024-05-25 11-56-23.JPG	2024-05-25 11:56:23	55.74126	37.6068	144	4000	2252	Galaxy S23 Ultra	
P901	12 просто погожий денёк/2024-05-25 11-56-27.JPG	2024-05-25 11:56:27	55.74128	37.60683	145	4000	2252	Galaxy S23 Ultra	
P902	12 просто погожий денёк/2024-05-25 11-56-32.JPG	2024-05-25 11:56:32	55.74128	37.60683	145	4000	2252	Galaxy S23 Ultra	
P903	12 просто погожий денёк/2024-05-25 11-59-30.JPG	2024-05-25 11:59:30	55.74992	37.61462	151	4000	2252	Galaxy S23 Ultra	
P904	12 просто погожий денёк/2024-05-25 11-59-36.JPG	2024-05-25 11:59:36	55.74992	37.61462	151	4000	2252	Galaxy S23 Ultra	
P905	12 просто погожий денёк/2024-05-25 11-59-39.JPG	2024-05-25 11:59:39	55.74992	37.61462	151	4000	2252	Galaxy S23 Ultra	
P906	12 просто погожий денёк/2024-05-25 12-03-24.JPG	2024-05-25 12:03:24	55.74702	37.6382	147	4000	2252	Galaxy S23 Ultra	
P907	12 просто погожий денёк/2024-05-25 12-03-32.JPG	2024-05-25 12:03:32	55.74702	37.6382	147	4000	2252	Galaxy S23 Ultra	
P908	12 просто погожий денёк/2024-05-25 12-03-43.JPG	2024-05-25 12:03:43	55.74903	37.63261	147	4000	2252	Galaxy S23 Ultra	
P909	12 просто погожий денёк/2024-05-25 12-04-18.JPG	2024-05-25 12:04:18	55.74903	37.63261	0	4000	2252	Galaxy S23 Ultra	
P910	12 просто погожий денёк/2024-05-25 12-04-22.JPG	2024-05-25 12:04:22	55.74903	37.63261	0	4000	2252	Galaxy S23 Ultra	
P911	12 просто погожий денёк/2024-05-25 12-04-41.JPG	2024-05-25 12:04:41	55.74903	37.63261	0	4000	2252	Galaxy S23 Ultra	
P912	12 просто погожий денёк/2024-05-25 12-06-38.JPG	2024-05-25 12:06:38	55.74957	37.63676	146	4000	2252	Galaxy S23 Ultra	
P913	12 просто погожий денёк/2024-05-25 12-21-43.JPG	2024-05-25 12:21:43	55.72806	37.65483	143	4000	2252	Galaxy S23 Ultra	
P914	12 просто погожий денёк/2024-05-25 12-28-39.JPG	2024-05-25 12:28:39	55.72811	37.65502	143	4000	2252	Galaxy S23 Ultra	
P915	12 просто погожий денёк/2024-05-25 12-40-39.JPG	2024-05-25 12:40:39	55.73346	37.64056	144	4000	2252	Galaxy S23 Ultra	
P916	12 просто погожий денёк/2024-05-25 12-40-49.JPG	2024-05-25 12:40:49	55.72811	37.65341	142	4000	2252	Galaxy S23 Ultra	
P917	12 просто погожий денёк/2024-05-25 12-40-58.JPG	2024-05-25 12:40:58	55.72817	37.65476	143	4000	2252	Galaxy S23 Ultra	
P918	12 просто погожий денёк/2024-05-25 12-50-23.JPG	2024-05-25 12:50:23	55.73022	37.65714	146	4000	2252	Galaxy S23 Ultra	
P919	12 просто погожий денёк/2024-05-25 12-50-25.JPG	2024-05-25 12:50:25	55.73022	37.65714	146	4000	2252	Galaxy S23 Ultra	
P920	12 просто погожий денёк/2024-05-26 17-22-54.JPG	2024-05-26 17:22:54	55.73664	37.60148	149	4000	2252	Galaxy S23 Ultra	
P921	13 рок концерт 100 музыкантов/2024-06-29 19-20-28.JPG	2024-06-29 19:20:28	55.7021	37.64512	158	4000	2252	Galaxy S23 Ultra	
P922	13 рок концерт 100 музыкантов/2024-06-29 19-20-32.JPG	2024-06-29 19:20:32	55.7021	37.64512	158	4000	2252	Galaxy S23 Ultra	
P923	13 рок концерт 100 музыкантов/2024-06-29 19-30-44.JPG	2024-06-29 19:30:44	55.7021	37.64515	158	4000	2252	Galaxy S23 Ultra	
P924	13 рок концерт 100 музыкантов/2024-06-29 20-23-59.JPG	2024-06-29 20:23:59	55.7021	37.6451	155	4000	2252	Galaxy S23 Ultra	
P925	13 рок концерт 100 музыкантов/2024-06-29 20-24-03.JPG	2024-06-29 20:24:03	55.70209	37.6451	158	4000	2252	Galaxy S23 Ultra	
P926	13 рок концерт 100 музыкантов/2024-06-29 20-26-25.JPG	2024-06-29 20:26:25	55.70207	37.6451	158	4000	2252	Galaxy S23 Ultra	
P927	13 рок концерт 100 музыкантов/2024-06-29 20-26-29.JPG	2024-06-29 20:26:29	55.70209	37.6451	158	4000	2252	Galaxy S23 Ultra	
P928	14 электротрамвай/2024-06-12 14-24-20.JPG	2024-06-12 14:24:20	55.74278	37.57463	147	4000	2252	Galaxy S23 Ultra	
P929	14 электротрамвай/2024-06-12 14-24-24.JPG	2024-06-12 14:24:24	55.74278	37.57463	147	4000	2252	Galaxy S23 Ultra	
P930	14 электротрамвай/2024-06-12 15-37-33.JPG	2024-06-12 15:37:33	55.74557	37.57209	147	4000	2252	Galaxy S23 Ultra	
P931	14 электротрамвай/2024-06-12 15-47-25.JPG	2024-06-12 15:47:25	55.75469	37.56576	146	4000	2252	Galaxy S23 Ultra	
P932	14 электротрамвай/2024-06-12 15-47-34.JPG	2024-06-12 15:47:34	55.75469	37.56576	146	8160	4592	Galaxy S23 Ultra	
P933	14 электротрамвай/2024-06-12 15-54-29.JPG	2024-06-12 15:54:29	55.75282	37.55626	141	8160	4592	Galaxy S23 Ultra	
P934	14 электротрамвай/2024-06-12 15-54-34.JPG	2024-06-12 15:54:34	55.7529	37.556	144	8160	4592	Galaxy S23 Ultra	
P935	14 электротрамвай/2024-06-12 15-55-00.JPG	2024-06-12 15:55:00	55.75538	37.55791	194	3392	1908	Galaxy S23 Ultra	
P936	14 электротрамвай/2024-06-12 15-55-07.JPG	2024-06-12 15:55:07	55.75538	37.55791	194	3392	1908	Galaxy S23 Ultra	
P937	14 электротрамвай/2024-06-12 15-55-38.JPG	2024-06-12 15:55:38	55.75199	37.55261	143	4000	2252	Galaxy S23 Ultra	
P938	14 электротрамвай/2024-06-12 15-55-47.JPG	2024-06-12 15:55:47	55.75292	37.55593	143	4000	2252	Galaxy S23 Ultra	
P939	14 электротрамвай/2024-06-12 15-55-54.JPG	2024-06-12 15:55:54	55.75292	37.55593	143	4000	2252	Galaxy S23 Ultra	
P940	14 электротрамвай/2024-06-12 15-56-04.JPG	2024-06-12 15:56:04	55.75293	37.55593	143	4000	2252	Galaxy S23 Ultra	
P941	14 электротрамвай/2024-06-12 15-56-07.JPG	2024-06-12 15:56:07	55.75293	37.55593	143	4000	2252	Galaxy S23 Ultra	
P942	14 электротрамвай/2024-06-12 15-56-25.JPG	2024-06-12 15:56:25	55.75105	37.54853	155	4000	2252	Galaxy S23 Ultra	
P943	14 электротрамвай/2024-06-12 15-56-31.JPG	2024-06-12 15:56:31	55.75105	37.54853	155	8160	4592	Galaxy S23 Ultra	
P944	14 электротрамвай/2024-06-12 15-56-43.JPG	2024-06-12 15:56:43	55.75105	37.54853	194	8160	4592	Galaxy S23 Ultra	
P945	14 электротрамвай/2024-06-12 15-56-51.JPG	2024-06-12 15:56:51	55.75105	37.54853	194	8160	4592	Galaxy S23 Ultra	
P946	14 электротрамвай/2024-06-12 15-56-59.JPG	2024-06-12 15:56:59	55.75105	37.54853	194	3392	1908	Galaxy S23 Ultra	
P947	14 электротрамвай/2024-06-12 15-57-04.JPG	2024-06-12 15:57:04	55.74788	37.55117	160	3392	1908	Galaxy S23 Ultra	
P948	14 электротрамвай/2024-06-12 15-58-14.JPG	2024-06-12 15:58:14	55.74788	37.55118	160	3392	1908	Galaxy S23 Ultra	
P949	14 электротрамвай/2024-06-12 15-58-21.JPG	2024-06-12 15:58:21	55.74835	37.54519	154	4000	2252	Galaxy S23 Ultra	
P950	14 электротрамвай/2024-06-12 15-58-29.JPG	2024-06-12 15:58:29	55.74835	37.54519	154	3392	1908	Galaxy S23 Ultra	
P951	14 электротрамвай/2024-06-12 15-58-31.JPG	2024-06-12 15:58:31	55.74835	37.54519	154	3392	1908	Galaxy S23 Ultra	
P952	14 электротрамвай/2024-06-12 15-58-41.JPG	2024-06-12 15:58:41	55.74765	37.54485	154	8160	4592	Galaxy S23 Ultra	
P953	14 электротрамвай/2024-06-12 15-58-47.JPG	2024-06-12 15:58:47	55.74765	37.54485	154	4000	2252	Galaxy S23 Ultra	
P954	14 электротрамвай/2024-06-12 15-59-11.JPG	2024-06-12 15:59:11	55.74757	37.54485	154	4000	2252	Galaxy S23 Ultra	
P955	14 электротрамвай/2024-06-12 15-59-16.JPG	2024-06-12 15:59:16	55.74667	37.54576	160	4000	2252	Galaxy S23 Ultra	
P956	14 электротрамвай/2024-06-12 15-59-24.JPG	2024-06-12 15:59:24	55.74667	37.54576	160	3392	1908	Galaxy S23 Ultra	
P957	14 электротрамвай/2024-06-12 15-59-30.JPG	2024-06-12 15:59:30	55.74667	37.54576	160	3392	1908	Galaxy S23 Ultra	
P958	14 электротрамвай/2024-06-12 15-59-39.JPG	2024-06-12 15:59:39	55.74667	37.54576	160	4000	2252	Galaxy S23 Ultra	
P959	14 электротрамвай/2024-06-12 16-00-07.JPG	2024-06-12 16:00:07	55.74728	37.54502	154	4000	2252	Galaxy S23 Ultra	
P960	14 электротрамвай/2024-06-12 16-00-22.JPG	2024-06-12 16:00:22	55.74736	37.54503	160	4000	2252	Galaxy S23 Ultra	
P961	14 электротрамвай/2024-06-12 16-00-35.JPG	2024-06-12 16:00:35	55.74736	37.54503	160	4000	2252	Galaxy S23 Ultra	
P962	14 электротрамвай/2024-06-12 16-04-16.JPG	2024-06-12 16:04:16	55.74488	37.54356	154	4000	2252	Galaxy S23 Ultra	
P963	14 электротрамвай/2024-06-12 16-04-31.JPG	2024-06-12 16:04:31	55.74488	37.54356	154	3392	1908	Galaxy S23 Ultra	
P964	14 электротрамвай/2024-06-12 16-04-49.JPG	2024-06-12 16:04:49	55.74496	37.54341	151	4000	2252	Galaxy S23 Ultra	
P965	14 электротрамвай/2024-06-12 16-09-11.JPG	2024-06-12 16:09:11	55.74626	37.53833	137	4000	2252	Galaxy S23 Ultra	
P966	14 электротрамвай/2024-06-12 16-09-31.JPG	2024-06-12 16:09:31	55.74633	37.53824	139	4000	2252	Galaxy S23 Ultra	
P967	14 электротрамвай/2024-06-12 16-57-01.JPG	2024-06-12 16:57:01	55.7492	37.4755	142	4000	2252	Galaxy S23 Ultra	
P968	15 МТС тру тек кэмп/2024-07-26 13-51-07.JPG	2024-07-26 13:51:07	55.69387	37.66729	149	4000	2252	Galaxy S23 Ultra	
P969	15 МТС тру тек кэмп/2024-07-26 13-56-45.JPG	2024-07-26 13:56:45	55.69722	37.66851	138	4000	2252	Galaxy S23 Ultra	
P970	15 МТС тру тек кэмп/2024-07-26 14-23-14.JPG	2024-07-26 14:23:14	55.69814	37.67077	139	4000	2252	Galaxy S23 Ultra	
P971	15 МТС тру тек кэмп/2024-07-26 14-23-54.JPG	2024-07-26 14:23:54	55.69854	37.66982	140	4000	2252	Galaxy S23 Ultra	
P972	15 МТС тру тек кэмп/2024-07-26 14-44-04.JPG	2024-07-26 14:44:04				4000	2252	Galaxy S23 Ultra	
P973	15 МТС тру тек кэмп/2024-07-26 16-13-44.JPG	2024-07-26 16:13:44				4000	2252	Galaxy S23 Ultra	
P974	15 МТС тру тек кэмп/2024-07-26 16-33-12.JPG	2024-07-26 16:33:12				4000	2252	Galaxy S23 Ultra	
P975	15 МТС тру тек кэмп/2024-07-26 16-34-22.JPG	2024-07-26 16:34:22				4000	2252	Galaxy S23 Ultra	
P976	15 МТС тру тек кэмп/2024-07-26 16-34-25.JPG	2024-07-26 16:34:25				4000	2252	Galaxy S23 Ultra	
P977	15 МТС тру тек кэмп/2024-07-26 16-34-27.JPG	2024-07-26 16:34:27				4000	2252	Galaxy S23 Ultra	
P978	15 МТС тру тек кэмп/2024-07-26 17-08-10.JPG	2024-07-26 17:08:10				4000	2252	Galaxy S23 Ultra	
P979	15 МТС тру тек кэмп/2024-07-26 17-08-17.JPG	2024-07-26 17:08:17				4000	2252	Galaxy S23 Ultra	
P980	15 МТС тру тек кэмп/2024-07-26 19-24-02.JPG	2024-07-26 19:24:02				4000	2252	Galaxy S23 Ultra	
P981	15 МТС тру тек кэмп/2024-07-26 19-24-05.JPG	2024-07-26 19:24:05				4000	2252	Galaxy S23 Ultra	
P982	15 МТС тру тек кэмп/2024-07-26 19-24-08.JPG	2024-07-26 19:24:08				4000	2252	Galaxy S23 Ultra	
P983	15 МТС тру тек кэмп/2024-07-26 19-24-14.JPG	2024-07-26 19:24:14				4000	2252	Galaxy S23 Ultra	
P984	15 МТС тру тек кэмп/2024-07-26 19-24-25.JPG	2024-07-26 19:24:25				4000	2252	Galaxy S23 Ultra	
P985	15 МТС тру тек кэмп/2024-07-26 19-29-58.JPG	2024-07-26 19:29:58	55.69969	37.67329	138	4000	2252	Galaxy S23 Ultra	
P986	15 МТС тру тек кэмп/2024-07-26 19-30-02.JPG	2024-07-26 19:30:02	55.69969	37.67329	138	4000	2252	Galaxy S23 Ultra	
P987	15 МТС тру тек кэмп/2024-07-26 19-30-06.JPG	2024-07-26 19:30:06	55.69969	37.67329	138	4000	2252	Galaxy S23 Ultra	
P988	15 МТС тру тек кэмп/2024-07-26 19-30-10.JPG	2024-07-26 19:30:10	55.69969	37.67329	138	4000	2252	Galaxy S23 Ultra	
P989	15 МТС тру тек кэмп/2024-07-26 19-38-36.JPG	2024-07-26 19:38:36	55.70004	37.6731	129	4000	2252	Galaxy S23 Ultra	
P990	15 МТС тру тек кэмп/2024-07-26 19-38-37.JPG	2024-07-26 19:38:37	55.70004	37.6731	129	4000	2252	Galaxy S23 Ultra	
P991	15 МТС тру тек кэмп/2024-07-26 19-38-38.JPG	2024-07-26 19:38:38	55.70004	37.6731	129	4000	2252	Galaxy S23 Ultra	
P992	15 МТС тру тек кэмп/2024-07-26 19-38-39.JPG	2024-07-26 19:38:39	55.70004	37.6731	129	4000	2252	Galaxy S23 Ultra	
P993	15 МТС тру тек кэмп/2024-07-26 19-38-40.JPG	2024-07-26 19:38:40	55.70004	37.6731	129	4000	2252	Galaxy S23 Ultra	
P994	15 МТС тру тек кэмп/2024-07-26 19-38-42.JPG	2024-07-26 19:38:42	55.70004	37.6731	129	4000	2252	Galaxy S23 Ultra	
P995	15 МТС тру тек кэмп/2024-07-26 19-38-43.JPG	2024-07-26 19:38:43	55.70004	37.6731	129	4000	2252	Galaxy S23 Ultra	
P996	15 МТС тру тек кэмп/2024-07-26 19-38-46.JPG	2024-07-26 19:38:46	55.70004	37.6731	129	4000	2252	Galaxy S23 Ultra	
P997	15 МТС тру тек кэмп/2024-07-26 19-38-48.JPG	2024-07-26 19:38:48	55.70004	37.6731	129	4000	2252	Galaxy S23 Ultra	
P998	15 МТС тру тек кэмп/2024-07-26 19-38-50.JPG	2024-07-26 19:38:50	55.70004	37.6731	129	4000	2252	Galaxy S23 Ultra	
P999	15 МТС тру тек кэмп/2024-07-26 19-38-51.JPG	2024-07-26 19:38:51	55.70004	37.6731	129	4000	2252	Galaxy S23 Ultra	
P1000	15 МТС тру тек кэмп/2024-07-26 19-38-53.JPG	2024-07-26 19:38:53	55.70004	37.6731	129	4000	2252	Galaxy S23 Ultra	
P1001	15 МТС тру тек кэмп/2024-07-26 19-38-55.JPG	2024-07-26 19:38:55	55.70004	37.6731	129	4000	2252	Galaxy S23 Ultra	
P1002	15 МТС тру тек кэмп/2024-07-26 19-38-56.JPG	2024-07-26 19:38:56	55.70004	37.6731	129	4000	2252	Galaxy S23 Ultra	
P1003	15 МТС тру тек кэмп/2024-07-26 19-38-57.JPG	2024-07-26 19:38:57	55.70004	37.6731	129	4000	2252	Galaxy S23 Ultra	
P1004	15 МТС тру тек кэмп/2024-07-26 19-38-59.JPG	2024-07-26 19:38:59	55.70004	37.6731	129	4000	2252	Galaxy S23 Ultra	
P1005	15 МТС тру тек кэмп/2024-07-26 19-39-01.JPG	2024-07-26 19:39:01	55.70004	37.6731	129	4000	2252	Galaxy S23 Ultra	
P1006	15 МТС тру тек кэмп/2024-07-26 19-39-09.JPG	2024-07-26 19:39:09	55.70004	37.6731	129	4000	2252	Galaxy S23 Ultra	
P1007	15 МТС тру тек кэмп/2024-07-26 19-39-12.JPG	2024-07-26 19:39:12	55.70004	37.6731	129	4000	2252	Galaxy S23 Ultra	
P1008	15 МТС тру тек кэмп/2024-07-26 19-39-13.JPG	2024-07-26 19:39:13	55.70004	37.6731	129	4000	2252	Galaxy S23 Ultra	
P1009	15 МТС тру тек кэмп/2024-07-26 19-47-44.JPG	2024-07-26 19:47:44	55.70297	37.67038	151	3392	1908	Galaxy S23 Ultra	
P1010	15 МТС тру тек кэмп/2024-07-26 19-52-54.JPG	2024-07-26 19:52:54	55.69821	37.67101	139	4000	2252	Galaxy S23 Ultra	
P1011	15 МТС тру тек кэмп/2024-07-26 19-52-58.JPG	2024-07-26 19:52:58	55.69821	37.67101	139	4000	2252	Galaxy S23 Ultra	
P1012	15 МТС тру тек кэмп/2024-07-26 19-53-03.JPG	2024-07-26 19:53:03	55.69821	37.67101	139	4000	2252	Galaxy S23 Ultra	
P1013	15 МТС тру тек кэмп/2024-07-26 20-40-38.JPG	2024-07-26 20:40:38	55.69814	37.67005	140	4000	2252	Galaxy S23 Ultra	
P1014	15 МТС тру тек кэмп/2024-07-26 23-55-32.JPG	2024-07-26 23:55:32	55.55452	37.46688	225	4000	2252	Galaxy S23 Ultra	
P1015	15 МТС тру тек кэмп/2024-07-26 23-55-46.JPG	2024-07-26 23:55:46	55.4276	37.23837	100	4000	2252	Galaxy S23 Ultra	
P1016	16 бассейны в парках/2024-07-15 08-53-38.JPG	2024-07-15 08:53:38	55.68274	37.50257	715	4000	2252	Galaxy S23 Ultra	
P1017	16 бассейны в парках/2024-07-15 09-10-46.JPG	2024-07-15 09:10:46	55.6841	37.50222	202	4000	2252	Galaxy S23 Ultra	
P1018	16 бассейны в парках/2024-07-15 09-49-06.JPG	2024-07-15 09:49:06	55.68412	37.50226	202	4000	2252	Galaxy S23 Ultra	
P1019	16 бассейны в парках/2024-07-15 09-49-47.JPG	2024-07-15 09:49:47	55.68726	37.50751	937	4000	2252	Galaxy S23 Ultra	