id	file	taken	lat	lon	alt	w	h	camera	error
P001	в рамках путешествий/0001.JPG	2023-06-03 10:48:30				4000	2252	Galaxy S23 Ultra	
P002	в рамках путешествий/0002.JPG	2023-06-03 10:57:55				4000	2252	Galaxy S23 Ultra	
P003	в рамках путешествий/0003.JPG	2023-06-03 11:58:29				4000	2252	Galaxy S23 Ultra	
P004	в рамках путешествий/0004.JPG	2023-06-03 22:47:05				4000	2252	Galaxy S23 Ultra	
P005	в рамках путешествий/0005.JPG	2023-06-03 22:47:08				4000	2252	Galaxy S23 Ultra	
P006	в рамках путешествий/0006.JPG	2023-06-03 22:47:14				4000	2252	Galaxy S23 Ultra	
P007	в рамках путешествий/0007.JPG	2023-06-03 22:47:27				4000	2252	Galaxy S23 Ultra	
P008	в рамках путешествий/0008.JPG	2023-06-03 22:47:52				4000	2252	Galaxy S23 Ultra	
P009	в рамках путешествий/0009.JPG	2023-06-03 22:48:05				4000	2252	Galaxy S23 Ultra	
P010	в рамках путешествий/0010.JPG	2023-06-03 22:48:23				4000	2252	Galaxy S23 Ultra	
P011	в рамках путешествий/0011.JPG	2023-06-03 22:51:11				4000	2252	Galaxy S23 Ultra	
P012	в рамках путешествий/0013.JPG	2023-06-03 23:05:04				4000	2252	Galaxy S23 Ultra	
P013	в рамках путешествий/0014.JPG	2023-06-03 23:32:01				4000	2252	Galaxy S23 Ultra	
P014	в рамках путешествий/0015.JPG	2023-06-03 23:36:31				4000	2252	Galaxy S23 Ultra	
P015	в рамках путешествий/0016.JPG	2023-06-03 23:37:03				4000	2252	Galaxy S23 Ultra	
P016	в рамках путешествий/0017.JPG	2023-06-03 23:37:50				4000	2252	Galaxy S23 Ultra	
P017	в рамках путешествий/0018.JPG	2023-06-04 00:14:35				4000	2252	Galaxy S23 Ultra	
P018	в рамках путешествий/0019.JPG	2023-06-04 00:14:41				4000	2252	Galaxy S23 Ultra	
P019	в рамках путешествий/0020.JPG	2023-06-04 08:45:07				4000	2252	Galaxy S23 Ultra	
P020	в рамках путешествий/0021.JPG	2023-06-04 08:45:11				4000	2252	Galaxy S23 Ultra	
P021	в рамках путешествий/0022.JPG	2023-06-04 08:51:45				4000	2252	Galaxy S23 Ultra	
P022	в рамках путешествий/0023.JPG	2023-06-04 08:51:51				4000	2252	Galaxy S23 Ultra	
P023	в рамках путешествий/0024.JPG	2023-06-04 08:54:11				4000	2252	Galaxy S23 Ultra	
P024	в рамках путешествий/0025.JPG	2023-06-04 08:54:35				4000	2252	Galaxy S23 Ultra	
P025	в рамках путешествий/0026.JPG	2023-06-04 08:58:01				4000	2252	Galaxy S23 Ultra	
P026	в рамках путешествий/0027.JPG	2023-06-04 08:58:08				4000	2252	Galaxy S23 Ultra	
P027	в рамках путешествий/0028.JPG	2023-06-04 08:58:14				4000	2252	Galaxy S23 Ultra	
P028	в рамках путешествий/0029.JPG	2023-06-04 08:58:19				4000	2252	Galaxy S23 Ultra	
P029	в рамках путешествий/0030.JPG	2023-06-04 08:58:35				4000	2252	Galaxy S23 Ultra	
P030	в рамках путешествий/0031.JPG	2023-06-04 09:00:54				4000	2252	Galaxy S23 Ultra	
P031	в рамках путешествий/0032.JPG	2023-06-04 09:01:35				4000	2252	Galaxy S23 Ultra	
P032	в рамках путешествий/0033.JPG	2023-06-04 09:03:08				4000	2252	Galaxy S23 Ultra	
P033	в рамках путешествий/0034.JPG	2023-06-04 09:05:32				4000	2252	Galaxy S23 Ultra	
P034	в рамках путешествий/0035.JPG	2023-06-04 09:05:59				4000	2252	Galaxy S23 Ultra	
P035	в рамках путешествий/0036.JPG	2023-06-04 09:06:28				4000	2252	Galaxy S23 Ultra	
P036	в рамках путешествий/0037.JPG	2023-06-04 09:06:56				4000	2252	Galaxy S23 Ultra	
P037	в рамках путешествий/0038.JPG	2023-06-04 09:06:59				4000	2252	Galaxy S23 Ultra	
P038	в рамках путешествий/0039.JPG	2023-06-04 09:07:16				4000	2252	Galaxy S23 Ultra	
P039	в рамках путешествий/0040.JPG	2023-06-04 09:07:52				4000	2252	Galaxy S23 Ultra	
P040	в рамках путешествий/0041.JPG	2023-06-04 09:07:53				4000	2252	Galaxy S23 Ultra	
P041	в рамках путешествий/0042.JPG	2023-06-04 09:07:57				4000	2252	Galaxy S23 Ultra	
P042	в рамках путешествий/0043.JPG	2023-06-04 09:08:05				4000	2252	Galaxy S23 Ultra	
P043	в рамках путешествий/0044.JPG	2023-06-04 09:08:14				4000	2252	Galaxy S23 Ultra	
P044	в рамках путешествий/0045.JPG	2023-06-04 09:08:23				4000	2252	Galaxy S23 Ultra	
P045	в рамках путешествий/0046.JPG	2023-06-04 09:08:50				4000	2252	Galaxy S23 Ultra	
P046	в рамках путешествий/0047.JPG	2023-06-04 09:09:06				4000	2252	Galaxy S23 Ultra	
P047	в рамках путешествий/0048.JPG	2023-06-04 09:09:35				4000	2252	Galaxy S23 Ultra	
P048	в рамках путешествий/0049.JPG	2023-06-04 09:09:41				4000	2252	Galaxy S23 Ultra	
P049	в рамках путешествий/0050.JPG	2023-06-04 09:09:44				4000	2252	Galaxy S23 Ultra	
P050	в рамках путешествий/0051.JPG	2023-06-04 09:10:36				4000	2252	Galaxy S23 Ultra	
P051	в рамках путешествий/0052.JPG	2023-06-04 09:11:05				4000	2252	Galaxy S23 Ultra	
P052	в рамках путешествий/0053.JPG	2023-06-04 09:11:09				4000	2252	Galaxy S23 Ultra	
P053	в рамках путешествий/0054.JPG	2023-06-04 09:11:17				4000	2252	Galaxy S23 Ultra	
P054	в рамках путешествий/0055.JPG	2023-06-04 09:11:26				4000	2252	Galaxy S23 Ultra	
P055	в рамках путешествий/0056.JPG	2023-06-04 09:12:01				4000	2252	Galaxy S23 Ultra	
P056	в рамках путешествий/0057.JPG	2023-06-04 09:12:04				4000	2252	Galaxy S23 Ultra	
P057	в рамках путешествий/0058.JPG	2023-06-04 09:12:23				4000	2252	Galaxy S23 Ultra	
P058	в рамках путешествий/0059.JPG	2023-06-04 09:12:45				4000	2252	Galaxy S23 Ultra	
P059	в рамках путешествий/0060.JPG	2023-06-04 09:13:26				4000	2252	Galaxy S23 Ultra	
P060	в рамках путешествий/0061.JPG	2023-06-04 09:13:38				4000	2252	Galaxy S23 Ultra	
P061	в рамках путешествий/0062.JPG	2023-06-04 09:14:00				4000	2252	Galaxy S23 Ultra	
P062	в рамках путешествий/0063.JPG	2023-06-04 09:15:13				4000	2252	Galaxy S23 Ultra	
P063	в рамках путешествий/0064.JPG	2023-06-04 09:15:19				4000	2252	Galaxy S23 Ultra	
P064	в рамках путешествий/0065.JPG	2023-06-04 09:15:24				4000	2252	Galaxy S23 Ultra	
P065	в рамках путешествий/0066.JPG	2023-06-04 09:15:31				4000	2252	Galaxy S23 Ultra	
P066	в рамках путешествий/0067.JPG	2023-06-04 09:15:49				4000	2252	Galaxy S23 Ultra	
P067	в рамках путешествий/0068.JPG	2023-06-04 09:15:54				4000	2252	Galaxy S23 Ultra	
P068	в рамках путешествий/0069.JPG	2023-06-04 09:16:23				4000	2252	Galaxy S23 Ultra	
P069	в рамках путешествий/0070.JPG	2023-06-04 09:16:49				4000	2252	Galaxy S23 Ultra	
P070	в рамках путешествий/0071.JPG	2023-06-04 09:17:37				4000	2252	Galaxy S23 Ultra	
P071	в рамках путешествий/0072.JPG	2023-06-04 09:17:48				4000	2252	Galaxy S23 Ultra	
P072	в рамках путешествий/0073.JPG	2023-06-04 09:18:17				4000	2252	Galaxy S23 Ultra	
P073	в рамках путешествий/0074.JPG	2023-06-04 09:18:36				4000	2252	Galaxy S23 Ultra	
P074	в рамках путешествий/0075.JPG	2023-06-04 09:19:50				4000	2252	Galaxy S23 Ultra	
P075	в рамках путешествий/0076.JPG	2023-06-04 09:19:55				4000	2252	Galaxy S23 Ultra	
P076	в рамках путешествий/0077.JPG	2023-06-04 09:42:59				4000	2252	Galaxy S23 Ultra	
P077	в рамках путешествий/0078.JPG	2023-06-04 09:53:14				4000	2252	Galaxy S23 Ultra	
P078	в рамках путешествий/0079.JPG	2023-06-04 09:53:17				4000	2252	Galaxy S23 Ultra	
P079	в рамках путешествий/0080.JPG	2023-06-04 09:53:34				4000	2252	Galaxy S23 Ultra	
P080	в рамках путешествий/0081.JPG	2023-06-04 09:53:35				4000	2252	Galaxy S23 Ultra	
P081	в рамках путешествий/0082.JPG	2023-06-04 09:54:52				4000	2252	Galaxy S23 Ultra	
P082	в рамках путешествий/0083.JPG	2023-06-04 09:55:44				4000	2252	Galaxy S23 Ultra	
P083	в рамках путешествий/0084.JPG	2023-06-04 10:01:04				4000	2252	Galaxy S23 Ultra	
P084	в рамках путешествий/0085.JPG	2023-06-04 10:01:29				4000	2252	Galaxy S23 Ultra	
P085	в рамках путешествий/0086.JPG	2023-06-04 10:01:43				4000	2252	Galaxy S23 Ultra	
P086	в рамках путешествий/0087.JPG	2023-06-04 10:01:45				4000	2252	Galaxy S23 Ultra	
P087	в рамках путешествий/0088.JPG	2023-06-04 10:02:30				4000	2252	Galaxy S23 Ultra	
P088	в рамках путешествий/0089.JPG	2023-06-04 10:05:50				4000	2252	Galaxy S23 Ultra	
P089	в рамках путешествий/0090.JPG	2023-06-04 10:05:55				4000	2252	Galaxy S23 Ultra	
P090	в рамках путешествий/0091.JPG	2023-06-04 10:05:57				4000	2252	Galaxy S23 Ultra	
P091	в рамках путешествий/0092.JPG	2023-06-04 10:07:53				4000	2252	Galaxy S23 Ultra	
P092	в рамках путешествий/0093.JPG	2023-06-04 10:08:25				4000	2252	Galaxy S23 Ultra	
P093	в рамках путешествий/0094.JPG	2023-06-04 10:09:11				4000	2252	Galaxy S23 Ultra	
P094	в рамках путешествий/0095.JPG	2023-06-04 10:09:18				4000	2252	Galaxy S23 Ultra	
P095	в рамках путешествий/0096.JPG	2023-06-04 10:12:04				4000	2252	Galaxy S23 Ultra	
P096	в рамках путешествий/0097.JPG	2023-06-04 10:12:09				4000	2252	Galaxy S23 Ultra	
P097	в рамках путешествий/0098.JPG	2023-06-04 10:13:36				4000	2252	Galaxy S23 Ultra	
P098	в рамках путешествий/0099.JPG	2023-06-04 10:13:55				4000	2252	Galaxy S23 Ultra	
P099	в рамках путешествий/0100.JPG	2023-06-04 10:14:00				4000	2252	Galaxy S23 Ultra	
P100	в рамках путешествий/0101.JPG	2023-06-04 10:14:33				4000	2252	Galaxy S23 Ultra	
P101	в рамках путешествий/0102.JPG	2023-06-04 10:14:45				4000	2252	Galaxy S23 Ultra	
P102	в рамках путешествий/0103.JPG	2023-06-04 10:14:50				4000	2252	Galaxy S23 Ultra	
P103	в рамках путешествий/0104.JPG	2023-06-04 10:14:53				4000	2252	Galaxy S23 Ultra	
P104	в рамках путешествий/0105.JPG	2023-06-04 10:15:14				4000	2252	Galaxy S23 Ultra	
P105	в рамках путешествий/0106.JPG	2023-06-04 10:15:24				4000	2252	Galaxy S23 Ultra	
P106	в рамках путешествий/0107.JPG	2023-06-04 10:16:00				4000	2252	Galaxy S23 Ultra	
P107	в рамках путешествий/0108.JPG	2023-06-04 10:16:02				4000	2252	Galaxy S23 Ultra	
P108	в рамках путешествий/0109.JPG	2023-06-04 10:27:42				4000	2252	Galaxy S23 Ultra	
P109	в рамках путешествий/0110.JPG	2023-06-04 10:28:23				4000	2252	Galaxy S23 Ultra	
P110	в рамках путешествий/0111.JPG	2023-06-04 10:28:53				4000	2252	Galaxy S23 Ultra	
P111	в рамках путешествий/0112.JPG	2023-06-04 10:28:57				4000	2252	Galaxy S23 Ultra	
P112	в рамках путешествий/0113.JPG	2023-06-04 10:29:40				4000	2252	Galaxy S23 Ultra	
P113	в рамках путешествий/0114.JPG	2023-06-04 10:29:44				4000	2252	Galaxy S23 Ultra	
P114	в рамках путешествий/0115.JPG	2023-06-04 10:50:39				4000	2252	Galaxy S23 Ultra	
P115	в рамках путешествий/0116.JPG	2023-06-04 10:59:55				4000	2252	Galaxy S23 Ultra	
P116	в рамках путешествий/0117.JPG	2023-06-04 11:00:13				4000	2252	Galaxy S23 Ultra	
P117	в рамках путешествий/0118.JPG	2023-06-04 11:00:17				4000	2252	Galaxy S23 Ultra	
P118	в рамках путешествий/0119.JPG	2023-06-04 11:01:37				4000	2252	Galaxy S23 Ultra	
P119	в рамках путешествий/0120.JPG	2023-06-04 11:01:40				4000	2252	Galaxy S23 Ultra	
P120	в рамках путешествий/0121.JPG	2023-06-04 11:02:16				4000	2252	Galaxy S23 Ultra	
P121	в рамках путешествий/0122.JPG	2023-06-04 11:02:25				4000	2252	Galaxy S23 Ultra	
P122	в рамках путешествий/0123.JPG	2023-06-04 11:02:55				4000	2252	Galaxy S23 Ultra	
P123	в рамках путешествий/0124.JPG	2023-06-04 11:04:54				4000	3000	Galaxy S23 Ultra	
P124	в рамках путешествий/0125.JPG	2023-06-04 11:04:55				4000	3000	Galaxy S23 Ultra	
P125	в рамках путешествий/0126.JPG	2023-06-04 11:05:25				4000	2252	Galaxy S23 Ultra	
P126	в рамках путешествий/0127.JPG	2023-06-04 11:06:36				4000	3000	Galaxy S23 Ultra	
P127	в рамках путешествий/0128.JPG	2023-06-04 11:07:16				4000	3000	Galaxy S23 Ultra	
P128	в рамках путешествий/0129.JPG	2023-06-04 11:08:17				4000	3000	Galaxy S23 Ultra	
P129	в рамках путешествий/0130.JPG	2023-06-04 11:12:39				4000	2252	Galaxy S23 Ultra	
P130	в рамках путешествий/0131.JPG	2023-06-04 11:12:43				4000	2252	Galaxy S23 Ultra	
P131	в рамках путешествий/0132.JPG	2023-06-04 11:13:42				4000	2252	Galaxy S23 Ultra	
P132	в рамках путешествий/0133.JPG	2023-06-04 11:13:49				4000	2252	Galaxy S23 Ultra	
P133	в рамках путешествий/0134.JPG	2023-06-04 11:16:31				4000	2252	Galaxy S23 Ultra	
P134	в рамках путешествий/0135.JPG	2023-06-04 11:16:35				4000	2252	Galaxy S23 Ultra	
P135	в рамках путешествий/0136.JPG	2023-06-04 11:21:49				4000	2252	Galaxy S23 Ultra	
P136	в рамках путешествий/0137.JPG	2023-06-04 11:23:50				4000	2252	Galaxy S23 Ultra	
P137	в рамках путешествий/0138.JPG	2023-06-04 11:23:58				4000	2252	Galaxy S23 Ultra	
P138	в рамках путешествий/0139.JPG	2023-06-04 11:24:12				4000	2252	Galaxy S23 Ultra	
P139	в рамках путешествий/0140.JPG	2023-06-04 11:24:22				4000	2252	Galaxy S23 Ultra	
P140	в рамках путешествий/0141.JPG	2023-06-04 11:25:30				4000	2252	Galaxy S23 Ultra	
P141	в рамках путешествий/0142.JPG	2023-06-04 11:25:40				4000	2252	Galaxy S23 Ultra	
P142	в рамках путешествий/0143.JPG	2023-06-04 11:26:35				4000	2252	Galaxy S23 Ultra	
P143	в рамках путешествий/0144.JPG	2023-06-04 11:30:19				4000	2252	Galaxy S23 Ultra	
P144	в рамках путешествий/0145.JPG	2023-06-04 11:30:26				4000	2252	Galaxy S23 Ultra	
P145	в рамках путешествий/0146.JPG	2023-06-04 11:30:38				4000	2252	Galaxy S23 Ultra	
P146	в рамках путешествий/0147.JPG	2023-06-04 11:32:07				4000	2252	Galaxy S23 Ultra	
P147	в рамках путешествий/0148.JPG	2023-06-04 11:32:12				4000	2252	Galaxy S23 Ultra	
P148	в рамках путешествий/0149.JPG	2023-06-04 11:32:28				4000	2252	Galaxy S23 Ultra	
P149	в рамках путешествий/0150.JPG	2023-06-04 11:32:33				4000	2252	Galaxy S23 Ultra	
P150	в рамках путешествий/0151.JPG	2023-06-04 11:32:37				4000	2252	Galaxy S23 Ultra	
P151	в рамках путешествий/0152.JPG	2023-06-04 11:34:23				4000	2252	Galaxy S23 Ultra	
P152	в рамках путешествий/0153.JPG	2023-06-04 11:34:26				4000	2252	Galaxy S23 Ultra	
P153	в рамках путешествий/0154.JPG	2023-06-04 11:34:34				4000	2252	Galaxy S23 Ultra	
P154	в рамках путешествий/0155.JPG	2023-06-04 11:34:42				4000	2252	Galaxy S23 Ultra	
P155	в рамках путешествий/0156.JPG	2023-06-04 11:35:02				4000	2252	Galaxy S23 Ultra	
P156	в рамках путешествий/0157.JPG	2023-06-04 11:37:04				4000	2252	Galaxy S23 Ultra	
P157	в рамках путешествий/0158.JPG	2023-06-04 11:37:08				4000	2252	Galaxy S23 Ultra	
P158	в рамках путешествий/0159.JPG	2023-06-04 11:38:05				4000	2252	Galaxy S23 Ultra	
P159	в рамках путешествий/0160.JPG	2023-06-04 11:38:17				4000	2252	Galaxy S23 Ultra	
P160	в рамках путешествий/0161.JPG	2023-06-04 11:40:25				4000	2252	Galaxy S23 Ultra	
P161	в рамках путешествий/0162.JPG	2023-06-04 11:40:32				4000	2252	Galaxy S23 Ultra	
P162	в рамках путешествий/0163.JPG	2023-06-04 11:41:45				4000	2252	Galaxy S23 Ultra	
P163	в рамках путешествий/0164.JPG	2023-06-04 11:41:55				4000	2252	Galaxy S23 Ultra	
P164	в рамках путешествий/0165.JPG	2023-06-04 11:42:04				4000	2252	Galaxy S23 Ultra	
P165	в рамках путешествий/0166.JPG	2023-06-04 11:42:37				4000	2252	Galaxy S23 Ultra	
P166	в рамках путешествий/0167.JPG	2023-06-04 11:42:55				4000	2252	Galaxy S23 Ultra	
P167	в рамках путешествий/0168.JPG	2023-06-04 11:44:02				4000	2252	Galaxy S23 Ultra	
P168	в рамках путешествий/0169.JPG	2023-06-04 11:44:05				4000	2252	Galaxy S23 Ultra	
P169	в рамках путешествий/0170.JPG	2023-06-04 11:44:08				4000	2252	Galaxy S23 Ultra	
P170	в рамках путешествий/0171.JPG	2023-06-04 11:44:28				4000	2252	Galaxy S23 Ultra	
P171	в рамках путешествий/0172.JPG	2023-06-04 11:45:07				4000	2252	Galaxy S23 Ultra	
P172	в рамках путешествий/0173.JPG	2023-06-04 11:45:13				4000	2252	Galaxy S23 Ultra	
P173	в рамках путешествий/0174.JPG	2023-06-04 11:45:52				4000	2252	Galaxy S23 Ultra	
P174	в рамках путешествий/0175.JPG	2023-06-04 11:46:01				4000	2252	Galaxy S23 Ultra	
P175	в рамках путешествий/0176.JPG	2023-06-04 11:49:37				4000	2252	Galaxy S23 Ultra	
P176	в рамках путешествий/0177.JPG	2023-06-04 11:49:47				4000	2252	Galaxy S23 Ultra	
P177	в рамках путешествий/0178.JPG	2023-06-04 11:49:55				4000	2252	Galaxy S23 Ultra	
P178	в рамках путешествий/0179.JPG	2023-06-04 11:49:59				4000	2252	Galaxy S23 Ultra	
P179	в рамках путешествий/0180.JPG	2023-06-04 11:50:16				4000	2252	Galaxy S23 Ultra	
P180	в рамках путешествий/0181.JPG	2023-06-04 11:50:24				4000	2252	Galaxy S23 Ultra	
P181	в рамках путешествий/0182.JPG	2023-06-04 11:51:48				4000	2252	Galaxy S23 Ultra	
P182	в рамках путешествий/0183.JPG	2023-06-04 11:51:56				4000	2252	Galaxy S23 Ultra	
P183	в рамках путешествий/0184.JPG	2023-06-04 11:52:15				4000	2252	Galaxy S23 Ultra	
P184	в рамках путешествий/0185.JPG	2023-06-04 11:54:18				4000	2252	Galaxy S23 Ultra	
P185	в рамках путешествий/0186.JPG	2023-06-04 11:54:26				4000	2252	Galaxy S23 Ultra	
P186	в рамках путешествий/0187.JPG	2023-06-04 11:54:30				4000	2252	Galaxy S23 Ultra	
P187	в рамках путешествий/0188.JPG	2023-06-04 11:54:32				4000	2252	Galaxy S23 Ultra	
P188	в рамках путешествий/0189.JPG	2023-06-04 11:55:42				4000	2252	Galaxy S23 Ultra	
P189	в рамках путешествий/0190.JPG	2023-06-04 11:55:45				4000	2252	Galaxy S23 Ultra	
P190	в рамках путешествий/0191.JPG	2023-06-04 11:56:47				3392	2544	Galaxy S23 Ultra	
P191	в рамках путешествий/0192.JPG	2023-06-04 11:57:15				4000	3000	Galaxy S23 Ultra	
P192	в рамках путешествий/0193.JPG	2023-06-04 11:58:50				4000	2252	Galaxy S23 Ultra	
P193	в рамках путешествий/0194.JPG	2023-06-04 11:58:56				4000	2252	Galaxy S23 Ultra	
P194	в рамках путешествий/0195.JPG	2023-06-04 11:59:58				4000	2252	Galaxy S23 Ultra	
P195	в рамках путешествий/0196.JPG	2023-06-04 12:00:19				4000	2252	Galaxy S23 Ultra	
P196	в рамках путешествий/0197.JPG	2023-06-04 12:00:45				4000	2252	Galaxy S23 Ultra	
P197	в рамках путешествий/0198.JPG	2023-06-04 12:00:49				4000	2252	Galaxy S23 Ultra	
P198	в рамках путешествий/0199.JPG	2023-06-04 12:01:15				4000	2252	Galaxy S23 Ultra	
P199	в рамках путешествий/0200.JPG	2023-06-04 12:01:24				4000	2252	Galaxy S23 Ultra	
P200	в рамках путешествий/0201.JPG	2023-06-04 12:02:22				4000	2252	Galaxy S23 Ultra	
P201	в рамках путешествий/0202.JPG	2023-06-04 12:03:25				4000	2252	Galaxy S23 Ultra	
P202	в рамках путешествий/0203.JPG	2023-06-04 12:03:30				4000	2252	Galaxy S23 Ultra	
P203	в рамках путешествий/0204.JPG	2023-06-04 12:04:16				4000	2252	Galaxy S23 Ultra	
P204	в рамках путешествий/0205.JPG	2023-06-04 12:06:12				4000	2252	Galaxy S23 Ultra	
P205	в рамках путешествий/0206.JPG	2023-06-04 12:06:18				4000	2252	Galaxy S23 Ultra	
P206	в рамках путешествий/0207.JPG	2023-06-04 12:06:21				4000	2252	Galaxy S23 Ultra	
P207	в рамках путешествий/0208.JPG	2023-06-04 12:06:33				4000	2252	Galaxy S23 Ultra	
P208	в рамках путешествий/0209.JPG	2023-06-04 12:15:12				4000	2252	Galaxy S23 Ultra	
P209	в рамках путешествий/0210.JPG	2023-06-04 12:15:39				4000	2252	Galaxy S23 Ultra	
P210	в рамках путешествий/0211.JPG	2023-06-04 12:15:40				4000	2252	Galaxy S23 Ultra	
P211	в рамках путешествий/0212.JPG	2023-06-04 12:15:46				4000	2252	Galaxy S23 Ultra	
P212	в рамках путешествий/0213.JPG	2023-06-04 12:17:46				4000	2252	Galaxy S23 Ultra	
P213	в рамках путешествий/0214.JPG	2023-06-04 12:17:49				4000	2252	Galaxy S23 Ultra	
P214	в рамках путешествий/0215.JPG	2023-06-04 12:17:58				4000	2252	Galaxy S23 Ultra	
P215	в рамках путешествий/0216.JPG	2023-06-04 12:18:17				4000	2252	Galaxy S23 Ultra	
P216	в рамках путешествий/0217.JPG	2023-06-04 12:18:20				4000	2252	Galaxy S23 Ultra	
P217	в рамках путешествий/0218.JPG	2023-06-04 12:19:00				4000	2252	Galaxy S23 Ultra	
P218	в рамках путешествий/0219.JPG	2023-06-04 12:19:03				4000	2252	Galaxy S23 Ultra	
P219	в рамках путешествий/0220.JPG	2023-06-04 12:19:14				4000	2252	Galaxy S23 Ultra	
P220	в рамках путешествий/0221.JPG	2023-06-04 12:19:17				4000	2252	Galaxy S23 Ultra	
P221	в рамках путешествий/0222.JPG	2023-06-04 12:24:37				4000	2252	Galaxy S23 Ultra	
P222	в рамках путешествий/0223.JPG	2023-06-04 12:24:45				4000	2252	Galaxy S23 Ultra	
P223	в рамках путешествий/0224.JPG	2023-06-04 12:26:42				4000	2252	Galaxy S23 Ultra	
P224	в рамках путешествий/0225.JPG	2023-06-04 12:26:45				4000	2252	Galaxy S23 Ultra	
P225	в рамках путешествий/0226.JPG	2023-06-04 12:27:24				4000	2252	Galaxy S23 Ultra	
P226	в рамках путешествий/0227.JPG	2023-06-04 12:28:18				4000	2252	Galaxy S23 Ultra	
P227	в рамках путешествий/0228.JPG	2023-06-04 12:28:21				4000	2252	Galaxy S23 Ultra	
P228	в рамках путешествий/0229.JPG	2023-06-04 12:30:08				4000	2252	Galaxy S23 Ultra	
P229	в рамках путешествий/0230.JPG	2023-06-04 12:30:11				4000	2252	Galaxy S23 Ultra	
P230	в рамках путешествий/0231.JPG	2023-06-04 12:31:56				4000	2252	Galaxy S23 Ultra	
P231	в рамках путешествий/0232.JPG	2023-06-04 12:31:59				4000	2252	Galaxy S23 Ultra	
P232	в рамках путешествий/0233.JPG	2023-06-04 12:32:14				4000	2252	Galaxy S23 Ultra	
P233	в рамках путешествий/0234.JPG	2023-06-04 12:32:24				4000	2252	Galaxy S23 Ultra	
P234	в рамках путешествий/0235.JPG	2023-06-04 12:32:35				4000	2252	Galaxy S23 Ultra	
P235	в рамках путешествий/0236.JPG	2023-06-04 12:33:15				4000	2252	Galaxy S23 Ultra	
P236	в рамках путешествий/0237.JPG	2023-06-04 12:33:21				4000	2252	Galaxy S23 Ultra	
P237	в рамках путешествий/0238.JPG	2023-06-04 12:35:30				4000	2252	Galaxy S23 Ultra	
P238	в рамках путешествий/0239.JPG	2023-06-04 12:35:35				4000	2252	Galaxy S23 Ultra	
P239	в рамках путешествий/0240.JPG	2023-06-04 12:40:49				4000	2252	Galaxy S23 Ultra	
P240	в рамках путешествий/0241.JPG	2023-06-04 12:40:51				4000	2252	Galaxy S23 Ultra	
P241	в рамках путешествий/0242.JPG	2023-06-04 12:42:39				4000	2252	Galaxy S23 Ultra	
P242	в рамках путешествий/0243.JPG	2023-06-04 12:42:56				4000	2252	Galaxy S23 Ultra	
P243	в рамках путешествий/0244.JPG	2023-06-04 12:44:09				4000	2252	Galaxy S23 Ultra	
P244	в рамках путешествий/0245.JPG	2023-06-04 12:44:18				4000	2252	Galaxy S23 Ultra	
P245	в рамках путешествий/0246.JPG	2023-06-04 12:47:43				4000	2252	Galaxy S23 Ultra	
P246	в рамках путешествий/0247.JPG	2023-06-04 12:47:51				4000	2252	Galaxy S23 Ultra	
P247	в рамках путешествий/0248.JPG	2023-06-04 12:48:00				4000	2252	Galaxy S23 Ultra	
P248	в рамках путешествий/0249.JPG	2023-06-04 12:48:13				4000	2252	Galaxy S23 Ultra	
P249	в рамках путешествий/0250.JPG	2023-06-04 12:52:44				4000	2252	Galaxy S23 Ultra	
P250	в рамках путешествий/0251.JPG	2023-06-04 12:52:50				4000	2252	Galaxy S23 Ultra	
P251	в рамках путешествий/0252.JPG	2023-06-04 12:54:55				4000	2252	Galaxy S23 Ultra	
P252	в рамках путешествий/0253.JPG	2023-06-04 12:55:03				4000	2252	Galaxy S23 Ultra	
P253	в рамках путешествий/0254.JPG	2023-06-04 12:56:34				4000	2252	Galaxy S23 Ultra	
P254	в рамках путешествий/0255.JPG	2023-06-04 12:56:38				4000	2252	Galaxy S23 Ultra	
P255	в рамках путешествий/0256.JPG	2023-06-04 12:59:23				4000	2252	Galaxy S23 Ultra	
P256	в рамках путешествий/0257.JPG	2023-06-04 12:59:30				4000	2252	Galaxy S23 Ultra	
P257	в рамках путешествий/0258.JPG	2023-06-04 12:59:46				4000	2252	Galaxy S23 Ultra	
P258	в рамках путешествий/0259.JPG	2023-06-04 13:00:35				4000	2252	Galaxy S23 Ultra	
P259	в рамках путешествий/0260.JPG	2023-06-04 13:01:11				4000	2252	Galaxy S23 Ultra	
P260	в рамках путешествий/0261.JPG	2023-06-04 13:01:16				4000	2252	Galaxy S23 Ultra	
P261	в рамках путешествий/0262.JPG	2023-06-04 13:02:15				4000	2252	Galaxy S23 Ultra	
P262	в рамках путешествий/0263.JPG	2023-06-04 13:02:18				4000	2252	Galaxy S23 Ultra	
P263	в рамках путешествий/0264.JPG	2023-06-04 13:02:43				4000	2252	Galaxy S23 Ultra	
P264	в рамках путешествий/0265.JPG	2023-06-04 13:02:56				4000	2252	Galaxy S23 Ultra	
P265	в рамках путешествий/0266.JPG	2023-06-04 13:03:03				4000	2252	Galaxy S23 Ultra	
P266	в рамках путешествий/0267.JPG	2023-06-04 13:03:23				4000	2252	Galaxy S23 Ultra	
P267	в рамках путешествий/0268.JPG	2023-06-04 13:04:11				4000	2252	Galaxy S23 Ultra	
P268	в рамках путешествий/0269.JPG	2023-06-04 13:04:20				4000	2252	Galaxy S23 Ultra	
P269	в рамках путешествий/0270.JPG	2023-06-04 13:05:18				4000	2252	Galaxy S23 Ultra	
P270	в рамках путешествий/0271.JPG	2023-06-04 13:05:26				4000	2252	Galaxy S23 Ultra	
P271	в рамках путешествий/0272.JPG	2023-06-04 13:05:36				4000	2252	Galaxy S23 Ultra	
P272	в рамках путешествий/0273.JPG	2023-06-04 13:06:56				4000	2252	Galaxy S23 Ultra	
P273	в рамках путешествий/0274.JPG	2023-06-04 13:07:00				4000	2252	Galaxy S23 Ultra	
P274	в рамках путешествий/0275.JPG	2023-06-04 13:07:15				4000	2252	Galaxy S23 Ultra	
P275	в рамках путешествий/0276.JPG	2023-06-04 13:12:33				4000	2252	Galaxy S23 Ultra	
P276	в рамках путешествий/0277.JPG	2023-06-04 13:12:42				4000	2252	Galaxy S23 Ultra	
P277	в рамках путешествий/0278.JPG	2023-06-04 13:13:14				4000	2252	Galaxy S23 Ultra	
P278	в рамках путешествий/0279.JPG	2023-06-04 13:16:34				4000	2252	Galaxy S23 Ultra	
P279	в рамках путешествий/0280.JPG	2023-06-04 13:16:38				4000	2252	Galaxy S23 Ultra	
P280	в рамках путешествий/0281.JPG	2023-06-04 13:17:02				4000	2252	Galaxy S23 Ultra	
P281	в рамках путешествий/0282.JPG	2023-06-04 13:17:05				4000	2252	Galaxy S23 Ultra	
P282	в рамках путешествий/0283.JPG	2023-06-04 13:17:26				4000	2252	Galaxy S23 Ultra	
P283	в рамках путешествий/0284.JPG	2023-06-04 13:17:29				4000	2252	Galaxy S23 Ultra	
P284	в рамках путешествий/0285.JPG	2023-06-04 13:17:37				4000	2252	Galaxy S23 Ultra	
P285	в рамках путешествий/0286.JPG	2023-06-04 13:17:45				4000	2252	Galaxy S23 Ultra	
P286	в рамках путешествий/0287.JPG	2023-06-04 13:31:52				4000	2252	Galaxy S23 Ultra	
P287	в рамках путешествий/0288.JPG	2023-06-04 13:39:28				4000	2252	Galaxy S23 Ultra	
P288	в рамках путешествий/0289.JPG	2023-06-04 13:39:39				4000	2252	Galaxy S23 Ultra	
P289	в рамках путешествий/0290.JPG	2023-06-04 13:40:03				4000	2252	Galaxy S23 Ultra	
P290	в рамках путешествий/0291.JPG	2023-06-04 13:41:31				4000	2252	Galaxy S23 Ultra	
P291	в рамках путешествий/0292.JPG	2023-06-04 13:43:50				4000	2252	Galaxy S23 Ultra	
P292	в рамках путешествий/0293.JPG	2023-06-04 13:44:24				4000	2252	Galaxy S23 Ultra	
P293	в рамках путешествий/0294.JPG	2023-06-04 13:45:59				4000	2252	Galaxy S23 Ultra	
P294	в рамках путешествий/0295.JPG	2023-06-04 13:46:06				4000	2252	Galaxy S23 Ultra	
P295	в рамках путешествий/0296.JPG	2023-06-04 13:47:45				4000	2252	Galaxy S23 Ultra	
P296	в рамках путешествий/0297.JPG	2023-06-04 13:47:49				4000	2252	Galaxy S23 Ultra	
P297	в рамках путешествий/0298.JPG	2023-06-04 13:47:54				4000	2252	Galaxy S23 Ultra	
P298	в рамках путешествий/0299.JPG	2023-06-04 13:48:07				4000	2252	Galaxy S23 Ultra	
P299	в рамках путешествий/0300.JPG	2023-06-04 13:48:38				4000	2252	Galaxy S23 Ultra	
P300	в рамках путешествий/0301.JPG	2023-06-04 13:49:56				4000	2252	Galaxy S23 Ultra	
P301	в рамках путешествий/0303.JPG	2023-06-04 13:50:27				4000	2252	Galaxy S23 Ultra	
P302	в рамках путешествий/0304.JPG	2023-06-04 13:52:02				4000	2252	Galaxy S23 Ultra	
P303	в рамках путешествий/0305.JPG	2023-06-04 13:52:13				4000	2252	Galaxy S23 Ultra	
P304	в рамках путешествий/0306.JPG	2023-06-04 13:52:21				4000	2252	Galaxy S23 Ultra	
P305	в рамках путешествий/0307.JPG	2023-06-04 13:52:28				4000	2252	Galaxy S23 Ultra	
P306	в рамках путешествий/0308.JPG	2023-06-04 13:52:36				4000	2252	Galaxy S23 Ultra	
P307	в рамках путешествий/0309.JPG	2023-06-04 13:53:12				4000	2252	Galaxy S23 Ultra	
P308	в рамках путешествий/0311.JPG	2023-06-04 13:53:44				4000	2252	Galaxy S23 Ultra	
P309	в рамках путешествий/0312.JPG	2023-06-04 13:55:26				4000	2252	Galaxy S23 Ultra	
P310	в рамках путешествий/0313.JPG	2023-06-04 13:56:35				4000	2252	Galaxy S23 Ultra	
P311	в рамках путешествий/0314.JPG	2023-06-04 13:56:40				4000	2252	Galaxy S23 Ultra	
P312	в рамках путешествий/0315.JPG	2023-06-04 14:13:32				4000	2252	Galaxy S23 Ultra	
P313	в рамках путешествий/0316.JPG	2023-06-04 14:17:26				4000	2252	Galaxy S23 Ultra	
P314	в рамках путешествий/0317.JPG	2023-06-04 15:02:14				4000	2252	Galaxy S23 Ultra	
P315	в рамках путешествий/0318.JPG	2023-06-04 15:10:28				4000	2252	Galaxy S23 Ultra	
P316	в рамках путешествий/0319.JPG	2023-06-04 15:10:34				4000	2252	Galaxy S23 Ultra	
P317	в рамках путешествий/0320.JPG	2023-06-04 15:10:52				4000	2252	Galaxy S23 Ultra	
P318	в рамках путешествий/0321.JPG	2023-06-04 15:11:59				4000	2252	Galaxy S23 Ultra	
P319	в рамках путешествий/0322.JPG	2023-06-04 15:12:56				4000	2252	Galaxy S23 Ultra	
P320	в рамках путешествий/0323.JPG	2023-06-04 15:14:13				4000	2252	Galaxy S23 Ultra	
P321	в рамках путешествий/0324.JPG	2023-06-04 15:14:17				4000	2252	Galaxy S23 Ultra	
P322	в рамках путешествий/0325.JPG	2023-06-04 15:15:25				4000	2252	Galaxy S23 Ultra	
P323	в рамках путешествий/0326.JPG	2023-06-04 15:19:42				4000	2252	Galaxy S23 Ultra	
P324	в рамках путешествий/0327.JPG	2023-06-04 15:21:42				4000	2252	Galaxy S23 Ultra	
P325	в рамках путешествий/0328.JPG	2023-06-04 15:22:11				4000	2252	Galaxy S23 Ultra	
P326	в рамках путешествий/0329.JPG	2023-06-04 15:22:22				4000	2252	Galaxy S23 Ultra	
P327	в рамках путешествий/0330.JPG	2023-06-04 15:22:48				4000	2252	Galaxy S23 Ultra	
P328	в рамках путешествий/0331.JPG	2023-06-04 15:24:55				4000	2252	Galaxy S23 Ultra	
P329	в рамках путешествий/0332.JPG	2023-06-04 15:24:58				4000	2252	Galaxy S23 Ultra	
P330	в рамках путешествий/0333.JPG	2023-06-04 15:25:54				4000	2252	Galaxy S23 Ultra	
P331	в рамках путешествий/0334.JPG	2023-06-04 15:26:17				4000	2252	Galaxy S23 Ultra	
P332	в рамках путешествий/0335.JPG	2023-06-04 15:28:36				4000	2252	Galaxy S23 Ultra	
P333	в рамках путешествий/0336.JPG	2023-06-04 15:28:54				4000	2252	Galaxy S23 Ultra	
P334	в рамках путешествий/0337.JPG	2023-06-04 15:37:47				4000	2252	Galaxy S23 Ultra	
P335	в рамках путешествий/0338.JPG	2023-06-04 15:42:09				4000	2252	Galaxy S23 Ultra	
P336	в рамках путешествий/0339.JPG	2023-06-04 15:43:05				4000	2252	Galaxy S23 Ultra	
P337	в рамках путешествий/0340.JPG	2023-06-04 15:45:20				4000	2252	Galaxy S23 Ultra	
P338	в рамках путешествий/0341.JPG	2023-06-04 15:45:24				4000	2252	Galaxy S23 Ultra	
P339	в рамках путешествий/0342.JPG	2023-06-04 15:46:52				4000	2252	Galaxy S23 Ultra	
P340	в рамках путешествий/0343.JPG	2023-06-04 15:46:57				4000	2252	Galaxy S23 Ultra	
P341	в рамках путешествий/0344.JPG	2023-06-04 15:50:15				4000	2252	Galaxy S23 Ultra	
P342	в рамках путешествий/0345.JPG	2023-06-04 15:53:24				4000	2252	Galaxy S23 Ultra	
P343	в рамках путешествий/0346.JPG	2023-06-04 15:53:30				4000	2252	Galaxy S23 Ultra	
P344	в рамках путешествий/0347.JPG	2023-06-04 15:53:47				4000	2252	Galaxy S23 Ultra	
P345	в рамках путешествий/0348.JPG	2023-06-04 15:54:11				4000	2252	Galaxy S23 Ultra	
P346	в рамках путешествий/0349.JPG	2023-06-04 15:55:00				4000	2252	Galaxy S23 Ultra	
P347	в рамках путешествий/0350.JPG	2023-06-04 15:55:06				4000	2252	Galaxy S23 Ultra	
P348	в рамках путешествий/0351.JPG	2023-06-04 15:55:10				4000	2252	Galaxy S23 Ultra	
P349	в рамках путешествий/0352.JPG	2023-06-04 15:56:04				4000	2252	Galaxy S23 Ultra	
P350	в рамках путешествий/0353.JPG	2023-06-04 15:56:08				4000	2252	Galaxy S23 Ultra	
P351	в рамках путешествий/0354.JPG	2023-06-04 15:56:15				4000	2252	Galaxy S23 Ultra	
P352	в рамках путешествий/0355.JPG	2023-06-04 15:56:24				4000	2252	Galaxy S23 Ultra	
P353	в рамках путешествий/0356.JPG	2023-06-04 15:56:29				4000	2252	Galaxy S23 Ultra	
P354	в рамках путешествий/0357.JPG	2023-06-04 15:56:37				4000	2252	Galaxy S23 Ultra	
P355	в рамках путешествий/0358.JPG	2023-06-04 15:56:51				4000	2252	Galaxy S23 Ultra	
P356	в рамках путешествий/0359.JPG	2023-06-04 15:57:19				4000	2252	Galaxy S23 Ultra	
P357	в рамках путешествий/0360.JPG	2023-06-04 15:58:10				4000	2252	Galaxy S23 Ultra	
P358	в рамках путешествий/0361.JPG	2023-06-04 15:58:14				4000	2252	Galaxy S23 Ultra	
P359	в рамках путешествий/0362.JPG	2023-06-04 15:58:20				4000	2252	Galaxy S23 Ultra	
P360	в рамках путешествий/0363.JPG	2023-06-04 15:58:51				4000	2252	Galaxy S23 Ultra	
P361	в рамках путешествий/0364.JPG	2023-06-04 15:58:58				4000	2252	Galaxy S23 Ultra	
P362	в рамках путешествий/0365.JPG	2023-06-04 15:59:54				4000	2252	Galaxy S23 Ultra	
P363	в рамках путешествий/0366.JPG	2023-06-04 16:00:13				4000	2252	Galaxy S23 Ultra	
P364	в рамках путешествий/0367.JPG	2023-06-04 16:00:32				4000	2252	Galaxy S23 Ultra	
P365	в рамках путешествий/0368.JPG	2023-06-04 16:01:29				4000	2252	Galaxy S23 Ultra	
P366	в рамках путешествий/0369.JPG	2023-06-04 16:02:21				4000	2252	Galaxy S23 Ultra	
P367	в рамках путешествий/0370.JPG	2023-06-04 16:02:33				4000	2252	Galaxy S23 Ultra	
P368	в рамках путешествий/0371.JPG	2023-06-04 16:02:43				4000	2252	Galaxy S23 Ultra	
P369	в рамках путешествий/0372.JPG	2023-06-04 16:02:49				4000	2252	Galaxy S23 Ultra	
P370	в рамках путешествий/0373.JPG	2023-06-04 16:03:10				4000	2252	Galaxy S23 Ultra	
P371	в рамках путешествий/0374.JPG	2023-06-04 16:03:28				4000	2252	Galaxy S23 Ultra	
P372	в рамках путешествий/0375.JPG	2023-06-04 16:04:09				4000	2252	Galaxy S23 Ultra	
P373	в рамках путешествий/0376.JPG	2023-06-04 16:04:15				4000	2252	Galaxy S23 Ultra	
P374	в рамках путешествий/0377.JPG	2023-06-04 16:04:29				4000	2252	Galaxy S23 Ultra	
P375	в рамках путешествий/0378.JPG	2023-06-04 16:04:35				4000	2252	Galaxy S23 Ultra	
P376	в рамках путешествий/0379.JPG	2023-06-04 16:05:17				4000	2252	Galaxy S23 Ultra	
P377	в рамках путешествий/0380.JPG	2023-06-04 16:05:26				4000	2252	Galaxy S23 Ultra	
P378	в рамках путешествий/0381.JPG	2023-06-04 16:08:37				4000	2252	Galaxy S23 Ultra	
P379	в рамках путешествий/0382.JPG	2023-06-04 16:13:49				4000	2252	Galaxy S23 Ultra	
P380	в рамках путешествий/0383.JPG	2023-06-04 16:15:31				4000	2252	Galaxy S23 Ultra	
P381	в рамках путешествий/0384.JPG	2023-06-04 16:16:48				4000	2252	Galaxy S23 Ultra	
P382	в рамках путешествий/0385.JPG	2023-06-04 16:17:25				4000	2252	Galaxy S23 Ultra	
P383	в рамках путешествий/0386.JPG	2023-06-04 16:17:30				4000	2252	Galaxy S23 Ultra	
P384	в рамках путешествий/0387.JPG	2023-06-04 16:17:46				4000	2252	Galaxy S23 Ultra	
P385	в рамках путешествий/0388.JPG	2023-06-04 16:19:53				4000	2252	Galaxy S23 Ultra	
P386	в рамках путешествий/0390.JPG	2023-06-04 16:25:08				4000	2252	Galaxy S23 Ultra	
P387	в рамках путешествий/0391.JPG	2023-06-04 16:27:03				4000	2252	Galaxy S23 Ultra	
P388	в рамках путешествий/0392.JPG	2023-06-04 16:27:06				4000	2252	Galaxy S23 Ultra	
P389	в рамках путешествий/0393.JPG	2023-06-04 16:29:27				4000	2252	Galaxy S23 Ultra	
P390	в рамках путешествий/0394.JPG	2023-06-04 16:45:00				4000	2252	Galaxy S23 Ultra	
P391	в рамках путешествий/0395.JPG	2023-06-04 16:45:05				4000	2252	Galaxy S23 Ultra	
P392	в рамках путешествий/0396.JPG	2023-06-04 16:45:09				4000	2252	Galaxy S23 Ultra	
P393	в рамках путешествий/0397.JPG	2023-06-04 16:45:58				4000	2252	Galaxy S23 Ultra	
P394	в рамках путешествий/0398.JPG	2023-06-04 16:47:10				4000	2252	Galaxy S23 Ultra	
P395	в рамках путешествий/0399.JPG	2023-06-04 16:51:55				4000	2252	Galaxy S23 Ultra	
P396	в рамках путешествий/0400.JPG	2023-06-04 16:52:01				4000	2252	Galaxy S23 Ultra	
P397	в рамках путешествий/0401.JPG	2023-06-04 16:52:04				4000	2252	Galaxy S23 Ultra	
P398	в рамках путешествий/0402.JPG	2023-06-04 16:52:26				4000	2252	Galaxy S23 Ultra	
P399	в рамках путешествий/0403.JPG	2023-06-04 16:52:55				4000	2252	Galaxy S23 Ultra	
P400	в рамках путешествий/0404.JPG	2023-06-04 16:53:14				4000	2252	Galaxy S23 Ultra	
P401	в рамках путешествий/0405.JPG	2023-06-04 16:54:23				4000	2252	Galaxy S23 Ultra	
P402	в рамках путешествий/0406.JPG	2023-06-04 16:54:28				4000	2252	Galaxy S23 Ultra	
P403	в рамках путешествий/0407.JPG	2023-06-04 17:05:34				4000	2252	Galaxy S23 Ultra	
P404	в рамках путешествий/0408.JPG	2023-06-04 17:05:38				4000	2252	Galaxy S23 Ultra	
P405	в рамках путешествий/0409.JPG	2023-06-04 17:06:09				4000	2252	Galaxy S23 Ultra	
P406	в рамках путешествий/0410.JPG	2023-06-04 17:06:13				4000	2252	Galaxy S23 Ultra	
P407	в рамках путешествий/0411.JPG	2023-06-04 17:06:16				4000	2252	Galaxy S23 Ultra	
P408	в рамках путешествий/0412.JPG	2023-06-04 17:06:33				4000	2252	Galaxy S23 Ultra	
P409	в рамках путешествий/0413.JPG	2023-06-04 17:06:39				4000	2252	Galaxy S23 Ultra	
P410	в рамках путешествий/0414.JPG	2023-06-04 17:06:44				4000	2252	Galaxy S23 Ultra	
P411	в рамках путешествий/0415.JPG	2023-06-04 17:06:51				4000	2252	Galaxy S23 Ultra	
P412	в рамках путешествий/0416.JPG	2023-06-04 17:06:52				4000	2252	Galaxy S23 Ultra	
P413	в рамках путешествий/0417.JPG	2023-06-04 17:07:04				4000	2252	Galaxy S23 Ultra	
P414	в рамках путешествий/0418.JPG	2023-06-04 17:09:29				4000	2252	Galaxy S23 Ultra	
P415	в рамках путешествий/0419.JPG	2023-06-04 17:09:33				4000	2252	Galaxy S23 Ultra	
P416	в рамках путешествий/0420.JPG	2023-06-04 17:09:37				4000	2252	Galaxy S23 Ultra	
P417	в рамках путешествий/0421.JPG	2023-06-04 17:09:38				4000	2252	Galaxy S23 Ultra	
P418	в рамках путешествий/0422.JPG	2023-06-04 17:09:47				4000	2252	Galaxy S23 Ultra	
P419	в рамках путешествий/0423.JPG	2023-06-04 17:10:06				4000	2252	Galaxy S23 Ultra	
P420	в рамках путешествий/0424.JPG	2023-06-04 17:10:09				4000	2252	Galaxy S23 Ultra	
P421	в рамках путешествий/0425.JPG	2023-06-04 17:10:32				3392	2544	Galaxy S23 Ultra	
P422	в рамках путешествий/0426.JPG	2023-06-04 17:10:49				3392	2544	Galaxy S23 Ultra	
P423	в рамках путешествий/0427.JPG	2023-06-04 17:11:11				4000	2252	Galaxy S23 Ultra	
P424	в рамках путешествий/0428.JPG	2023-06-04 17:11:16				4000	2252	Galaxy S23 Ultra	
P425	в рамках путешествий/0429.JPG	2023-06-04 17:11:26				4000	2252	Galaxy S23 Ultra	
P426	в рамках путешествий/0430.JPG	2023-06-04 17:11:40				4000	3000	Galaxy S23 Ultra	
P427	в рамках путешествий/0431.JPG	2023-06-04 17:15:42				4000	2252	Galaxy S23 Ultra	
P428	в рамках путешествий/0432.JPG	2023-06-04 17:15:48				4000	2252	Galaxy S23 Ultra	
P429	в рамках путешествий/0433.JPG	2023-06-04 17:15:53				4000	2252	Galaxy S23 Ultra	
P430	в рамках путешествий/0434.JPG	2023-06-04 17:16:12				4000	2252	Galaxy S23 Ultra	
P431	в рамках путешествий/0435.JPG	2023-06-04 17:16:24				4000	2252	Galaxy S23 Ultra	
P432	в рамках путешествий/0436.JPG	2023-06-04 17:17:49				4000	2252	Galaxy S23 Ultra	
P433	в рамках путешествий/0437.JPG	2023-06-04 17:17:52				4000	2252	Galaxy S23 Ultra	
P434	в рамках путешествий/0438.JPG	2023-06-04 17:17:57				4000	2252	Galaxy S23 Ultra	
P435	в рамках путешествий/0439.JPG	2023-06-04 17:18:22				4000	2252	Galaxy S23 Ultra	
P436	в рамках путешествий/0440.JPG	2023-06-04 17:18:33				4000	2252	Galaxy S23 Ultra	
P437	в рамках путешествий/0441.JPG	2023-06-04 17:19:23				4000	2252	Galaxy S23 Ultra	
P438	в рамках путешествий/0442.JPG	2023-06-04 17:19:53				4000	2252	Galaxy S23 Ultra	
P439	в рамках путешествий/0443.JPG	2023-06-04 17:20:00				4000	2252	Galaxy S23 Ultra	
P440	в рамках путешествий/0444.JPG	2023-06-04 17:20:04				4000	2252	Galaxy S23 Ultra	
P441	в рамках путешествий/0445.JPG	2023-06-04 17:20:13				4000	2252	Galaxy S23 Ultra	
P442	в рамках путешествий/0446.JPG	2023-06-04 17:20:21				4000	3000	Galaxy S23 Ultra	
P443	в рамках путешествий/0447.JPG	2023-06-04 17:20:28				4000	3000	Galaxy S23 Ultra	
P444	в рамках путешествий/0448.JPG	2023-06-04 17:21:07				4000	3000	Galaxy S23 Ultra	
P445	в рамках путешествий/0449.JPG	2023-06-04 17:21:46				4000	2252	Galaxy S23 Ultra	
P446	в рамках путешествий/0450.JPG	2023-06-04 17:23:06				4000	2252	Galaxy S23 Ultra	
P447	в рамках путешествий/0451.JPG	2023-06-04 17:23:14				4000	2252	Galaxy S23 Ultra	
P448	в рамках путешествий/0452.JPG	2023-06-04 17:28:59				4000	2252	Galaxy S23 Ultra	
P449	в рамках путешествий/0453.JPG	2023-06-04 17:29:15				4000	2252	Galaxy S23 Ultra	
P450	в рамках путешествий/0454.JPG	2023-06-04 17:30:07				4000	2252	Galaxy S23 Ultra	
P451	в рамках путешествий/0455.JPG	2023-06-04 17:30:22				4000	2252	Galaxy S23 Ultra	
P452	в рамках путешествий/0456.JPG	2023-06-04 17:30:36				4000	2252	Galaxy S23 Ultra	
P453	в рамках путешествий/0457.JPG	2023-06-04 17:30:43				4000	2252	Galaxy S23 Ultra	
P454	в рамках путешествий/0458.JPG	2023-06-04 17:30:48				4000	2252	Galaxy S23 Ultra	
P455	в рамках путешествий/0459.JPG	2023-06-04 17:31:00				4000	2252	Galaxy S23 Ultra	
P456	в рамках путешествий/0460.JPG	2023-06-04 17:31:04				4000	2252	Galaxy S23 Ultra	
P457	в рамках путешествий/0461.JPG	2023-06-04 17:31:54				4000	2252	Galaxy S23 Ultra	
P458	в рамках путешествий/0462.JPG	2023-06-04 17:31:57				4000	2252	Galaxy S23 Ultra	
P459	в рамках путешествий/0463.JPG	2023-06-04 17:32:03				4000	2252	Galaxy S23 Ultra	
P460	в рамках путешествий/0464.JPG	2023-06-04 17:34:20				4000	2252	Galaxy S23 Ultra	
P461	в рамках путешествий/0465.JPG	2023-06-04 17:34:46				4000	2252	Galaxy S23 Ultra	
P462	в рамках путешествий/0466.JPG	2023-06-04 17:35:03				4000	2252	Galaxy S23 Ultra	
P463	в рамках путешествий/0467.JPG	2023-06-04 17:35:11				4000	2252	Galaxy S23 Ultra	
P464	в рамках путешествий/0468.JPG	2023-06-04 17:35:30				4000	2252	Galaxy S23 Ultra	
P465	в рамках путешествий/0469.JPG	2023-06-04 17:35:44				4000	2252	Galaxy S23 Ultra	
P466	в рамках путешествий/0470.JPG	2023-06-04 17:35:51				4000	2252	Galaxy S23 Ultra	
P467	в рамках путешествий/0471.JPG	2023-06-04 17:35:55				4000	2252	Galaxy S23 Ultra	
P468	в рамках путешествий/0472.JPG	2023-06-04 17:36:07				3392	2544	Galaxy S23 Ultra	
P469	в рамках путешествий/0473.JPG	2023-06-04 17:36:13				3392	2544	Galaxy S23 Ultra	
P470	в рамках путешествий/0474.JPG	2023-06-04 17:36:25				4000	3000	Galaxy S23 Ultra	
P471	в рамках путешествий/0475.JPG	2023-06-04 17:37:11				4000	2252	Galaxy S23 Ultra	
P472	в рамках путешествий/0476.JPG	2023-06-04 17:37:32				4000	2252	Galaxy S23 Ultra	
P473	в рамках путешествий/0477.JPG	2023-06-04 17:38:09				4000	2252	Galaxy S23 Ultra	
P474	в рамках путешествий/0478.JPG	2023-06-04 17:43:42				4000	2252	Galaxy S23 Ultra	
P475	в рамках путешествий/0479.JPG	2023-06-04 17:43:49				4000	2252	Galaxy S23 Ultra	
P476	в рамках путешествий/0480.JPG	2023-06-04 17:44:00				4000	2252	Galaxy S23 Ultra	
P477	в рамках путешествий/0481.JPG	2023-06-04 17:44:05				4000	2252	Galaxy S23 Ultra	
P478	в рамках путешествий/0482.JPG	2023-06-04 17:44:25				4000	2252	Galaxy S23 Ultra	
P479	в рамках путешествий/0483.JPG	2023-06-04 17:46:42				4000	2252	Galaxy S23 Ultra	
P480	в рамках путешествий/0484.JPG	2023-06-04 17:47:19				4000	2252	Galaxy S23 Ultra	
P481	в рамках путешествий/0485.JPG	2023-06-04 17:51:27				4000	2252	Galaxy S23 Ultra	
P482	в рамках путешествий/0486.JPG	2023-06-04 17:52:32				4000	2252	Galaxy S23 Ultra	
P483	в рамках путешествий/0487.JPG	2023-06-04 17:52:40				4000	2252	Galaxy S23 Ultra	
P484	в рамках путешествий/0488.JPG	2023-06-04 17:53:00				4000	2252	Galaxy S23 Ultra	
P485	в рамках путешествий/0489.JPG	2023-06-04 17:53:52				4000	2252	Galaxy S23 Ultra	
P486	в рамках путешествий/0490.JPG	2023-06-04 17:55:32				4000	2252	Galaxy S23 Ultra	
P487	в рамках путешествий/0491.JPG	2023-06-04 17:55:51				4000	2252	Galaxy S23 Ultra	
P488	в рамках путешествий/0492.JPG	2023-06-04 17:56:58				4000	2252	Galaxy S23 Ultra	
P489	в рамках путешествий/0493.JPG	2023-06-04 17:57:08				4000	2252	Galaxy S23 Ultra	
P490	в рамках путешествий/0494.JPG	2023-06-04 17:57:16				4000	2252	Galaxy S23 Ultra	
P491	в рамках путешествий/0495.JPG	2023-06-04 17:57:41				4000	2252	Galaxy S23 Ultra	
P492	в рамках путешествий/0496.JPG	2023-06-04 17:59:41				4000	2252	Galaxy S23 Ultra	
P493	в рамках путешествий/0497.JPG	2023-06-04 18:00:26				4000	2252	Galaxy S23 Ultra	
P494	в рамках путешествий/0498.JPG	2023-06-04 18:00:34				4000	2252	Galaxy S23 Ultra	
P495	в рамках путешествий/0499.JPG	2023-06-04 18:01:39				4000	2252	Galaxy S23 Ultra	
P496	в рамках путешествий/0500.JPG	2023-06-04 18:02:07				4000	2252	Galaxy S23 Ultra	
P497	в рамках путешествий/0501.JPG	2023-06-04 18:02:15				4000	2252	Galaxy S23 Ultra	
P498	в рамках путешествий/0502.JPG	2023-06-04 18:02:23				4000	2252	Galaxy S23 Ultra	
P499	в рамках путешествий/0503.JPG	2023-06-04 18:02:58				4000	2252	Galaxy S23 Ultra	
P500	в рамках путешествий/0504.JPG	2023-06-04 18:03:21				4000	2252	Galaxy S23 Ultra	
P501	в рамках путешествий/0505.JPG	2023-06-04 18:03:29				4000	2252	Galaxy S23 Ultra	
P502	в рамках путешествий/0506.JPG	2023-06-04 18:03:35				4000	2252	Galaxy S23 Ultra	
P503	в рамках путешествий/0507.JPG	2023-06-04 18:03:41				4000	2252	Galaxy S23 Ultra	
P504	в рамках путешествий/0508.JPG	2023-06-04 18:03:45				4000	2252	Galaxy S23 Ultra	
P505	в рамках путешествий/0509.JPG	2023-06-04 18:03:52				4000	2252	Galaxy S23 Ultra	
P506	в рамках путешествий/0510.JPG	2023-06-04 18:04:02				4000	2252	Galaxy S23 Ultra	
P507	в рамках путешествий/0511.JPG	2023-06-04 18:04:56				4000	2252	Galaxy S23 Ultra	
P508	в рамках путешествий/0512.JPG	2023-06-04 18:05:35				4000	2252	Galaxy S23 Ultra	
P509	в рамках путешествий/0513.JPG	2023-06-04 18:08:10				4000	3000	Galaxy S23 Ultra	
P510	в рамках путешествий/0514.JPG	2023-06-04 18:08:18				4000	3000	Galaxy S23 Ultra	
P511	в рамках путешествий/0515.JPG	2023-06-04 18:10:10				4000	2252	Galaxy S23 Ultra	
P512	в рамках путешествий/0516.JPG	2023-06-04 18:10:17				4000	2252	Galaxy S23 Ultra	
P513	в рамках путешествий/0517.JPG	2023-06-04 18:12:00				4000	2252	Galaxy S23 Ultra	
P514	в рамках путешествий/0518.JPG	2023-06-04 18:12:08				4000	2252	Galaxy S23 Ultra	
P515	в рамках путешествий/0519.JPG	2023-06-04 18:12:22				4000	2252	Galaxy S23 Ultra	
P516	в рамках путешествий/0520.JPG	2023-06-04 18:15:28				4000	2252	Galaxy S23 Ultra	
P517	в рамках путешествий/0521.JPG	2023-06-04 18:17:18				4000	2252	Galaxy S23 Ultra	
P518	в рамках путешествий/0522.JPG	2023-06-04 18:17:21				4000	2252	Galaxy S23 Ultra	
P519	в рамках путешествий/0523.JPG	2023-06-04 18:18:11				4000	2252	Galaxy S23 Ultra	
P520	в рамках путешествий/0524.JPG	2023-06-04 18:18:14				4000	2252	Galaxy S23 Ultra	
P521	в рамках путешествий/0525.JPG	2023-06-04 18:18:18				4000	2252	Galaxy S23 Ultra	
P522	в рамках путешествий/0526.JPG	2023-06-04 18:28:24				4000	2252	Galaxy S23 Ultra	
P523	в рамках путешествий/0527.JPG	2023-06-04 18:29:34				4000	2252	Galaxy S23 Ultra	
P524	в рамках путешествий/0528.JPG	2023-06-04 18:29:43				3392	2544	Galaxy S23 Ultra	
P525	в рамках путешествий/0529.JPG	2023-06-04 18:29:56				3392	2544	Galaxy S23 Ultra	
P526	в рамках путешествий/0530.JPG	2023-06-04 18:30:21				3392	2544	Galaxy S23 Ultra	
P527	в рамках путешествий/0531.JPG	2023-06-04 18:30:26				3392	2544	Galaxy S23 Ultra	
P528	в рамках путешествий/0532.JPG	2023-06-04 18:33:25				4000	2252	Galaxy S23 Ultra	
P529	в рамках путешествий/0533.JPG	2023-06-04 18:33:47				4000	2252	Galaxy S23 Ultra	
P530	в рамках путешествий/0534.JPG	2023-06-04 18:34:50				4000	2252	Galaxy S23 Ultra	
P531	в рамках путешествий/0535.JPG	2023-06-04 18:36:40				4000	2252	Galaxy S23 Ultra	
P532	в рамках путешествий/0536.JPG	2023-06-04 18:37:38				4000	2252	Galaxy S23 Ultra	
P533	в рамках путешествий/0537.JPG	2023-06-04 18:37:45				4000	2252	Galaxy S23 Ultra	
P534	в рамках путешествий/0538.JPG	2023-06-04 18:39:03				4000	2252	Galaxy S23 Ultra	
P535	в рамках путешествий/0539.JPG	2023-06-04 18:39:16				4000	2252	Galaxy S23 Ultra	
P536	в рамках путешествий/0540.JPG	2023-06-04 18:40:06				4000	2252	Galaxy S23 Ultra	
P537	в рамках путешествий/0541.JPG	2023-06-04 18:40:16				4000	2252	Galaxy S23 Ultra	
P538	в рамках путешествий/0542.JPG	2023-06-04 18:41:16				4000	2252	Galaxy S23 Ultra	
P539	в рамках путешествий/0544.JPG	2023-06-04 18:41:42				4000	2252	Galaxy S23 Ultra	
P540	в рамках путешествий/0545.JPG	2023-06-04 18:45:06				4000	2252	Galaxy S23 Ultra	
P541	в рамках путешествий/0546.JPG	2023-06-04 18:45:09				4000	2252	Galaxy S23 Ultra	
P542	в рамках путешествий/0547.JPG	2023-06-04 18:45:26				4000	2252	Galaxy S23 Ultra	
P543	в рамках путешествий/0548.JPG	2023-06-04 18:45:50				4000	2252	Galaxy S23 Ultra	
P544	в рамках путешествий/0549.JPG	2023-06-04 18:47:03				4000	2252	Galaxy S23 Ultra	
P545	в рамках путешествий/0550.JPG	2023-06-04 18:47:12				4000	2252	Galaxy S23 Ultra	
P546	в рамках путешествий/0551.JPG	2023-06-04 18:47:20				4000	2252	Galaxy S23 Ultra	
P547	в рамках путешествий/0552.JPG	2023-06-04 18:47:22				4000	2252	Galaxy S23 Ultra	
P548	в рамках путешествий/0553.JPG	2023-06-04 18:47:33				4000	2252	Galaxy S23 Ultra	
P549	в рамках путешествий/0554.JPG	2023-06-04 18:47:49				4000	3000	Galaxy S23 Ultra	
P550	в рамках путешествий/0555.JPG	2023-06-04 18:48:08				4000	3000	Galaxy S23 Ultra	
P551	в рамках путешествий/0556.JPG	2023-06-04 18:48:32				4000	2252	Galaxy S23 Ultra	
P552	в рамках путешествий/0557.JPG	2023-06-04 18:48:39				4000	2252	Galaxy S23 Ultra	
P553	в рамках путешествий/0558.JPG	2023-06-04 18:49:24				4000	2252	Galaxy S23 Ultra	
P554	в рамках путешествий/0559.JPG	2023-06-04 18:49:46				4000	2252	Galaxy S23 Ultra	
P555	в рамках путешествий/0560.JPG	2023-06-04 18:52:57				4000	2252	Galaxy S23 Ultra	
P556	в рамках путешествий/0561.JPG	2023-06-04 18:53:08				4000	2252	Galaxy S23 Ultra	
P557	в рамках путешествий/0562.JPG	2023-06-04 18:53:52				4000	2252	Galaxy S23 Ultra	
P558	в рамках путешествий/0563.JPG	2023-06-04 18:54:15				4000	2252	Galaxy S23 Ultra	
P559	в рамках путешествий/0564.JPG	2023-06-04 18:54:21				4000	2252	Galaxy S23 Ultra	
P560	в рамках путешествий/0566.JPG	2023-06-04 18:56:15				4000	2252	Galaxy S23 Ultra	
P561	в рамках путешествий/0567.JPG	2023-06-04 19:00:05				4000	2252	Galaxy S23 Ultra	
P562	в рамках путешествий/0568.JPG	2023-06-04 19:00:30				4000	2252	Galaxy S23 Ultra	
P563	в рамках путешествий/0569.JPG	2023-06-04 19:00:39				4000	2252	Galaxy S23 Ultra	
P564	в рамках путешествий/0570.JPG	2023-06-04 19:02:31				4000	2252	Galaxy S23 Ultra	
P565	в рамках путешествий/0571.JPG	2023-06-04 19:02:54				4000	2252	Galaxy S23 Ultra	
P566	в рамках путешествий/0572.JPG	2023-06-04 19:04:08				4000	2252	Galaxy S23 Ultra	
P567	в рамках путешествий/0573.JPG	2023-06-04 19:08:23				4000	2252	Galaxy S23 Ultra	
P568	в рамках путешествий/0574.JPG	2023-06-04 19:08:32				4000	2252	Galaxy S23 Ultra	
P569	в рамках путешествий/0575.JPG	2023-06-04 19:09:17				4000	2252	Galaxy S23 Ultra	
P570	в рамках путешествий/0576.JPG	2023-06-04 19:10:53				4000	2252	Galaxy S23 Ultra	
P571	в рамках путешествий/0577.JPG	2023-06-04 19:12:16				4000	2252	Galaxy S23 Ultra	
P572	в рамках путешествий/0578.JPG	2023-06-04 19:13:02				4000	2252	Galaxy S23 Ultra	
P573	в рамках путешествий/0579.JPG	2023-06-04 19:13:35				4000	2252	Galaxy S23 Ultra	
P574	в рамках путешествий/0580.JPG	2023-06-04 19:14:29				4000	2252	Galaxy S23 Ultra	
P575	в рамках путешествий/0581.JPG	2023-06-04 19:14:40				4000	2252	Galaxy S23 Ultra	
P576	в рамках путешествий/0582.JPG	2023-06-04 19:15:09				4000	2252	Galaxy S23 Ultra	
P577	в рамках путешествий/0583.JPG	2023-06-04 19:15:52				4000	2252	Galaxy S23 Ultra	
P578	в рамках путешествий/0584.JPG	2023-06-04 19:16:18				4000	2252	Galaxy S23 Ultra	
P579	в рамках путешествий/0585.JPG	2023-06-04 19:17:42				4000	2252	Galaxy S23 Ultra	
P580	в рамках путешествий/0586.JPG	2023-06-04 19:18:21				4000	2252	Galaxy S23 Ultra	
P581	в рамках путешествий/0587.JPG	2023-06-04 19:18:37				4000	2252	Galaxy S23 Ultra	
P582	в рамках путешествий/0588.JPG	2023-06-04 19:19:34				4000	2252	Galaxy S23 Ultra	
P583	в рамках путешествий/0589.JPG	2023-06-04 19:19:37				4000	2252	Galaxy S23 Ultra	
P584	в рамках путешествий/0590.JPG	2023-06-04 19:20:04				4000	2252	Galaxy S23 Ultra	
P585	в рамках путешествий/0591.JPG	2023-06-04 19:20:59				4000	2252	Galaxy S23 Ultra	
P586	в рамках путешествий/0592.JPG	2023-06-04 19:22:24				4000	2252	Galaxy S23 Ultra	
P587	в рамках путешествий/0593.JPG	2023-06-04 19:22:26				4000	2252	Galaxy S23 Ultra	
P588	в рамках путешествий/0594.JPG	2023-06-04 19:22:30				4000	2252	Galaxy S23 Ultra	
P589	в рамках путешествий/0595.JPG	2023-06-04 19:22:59				4000	2252	Galaxy S23 Ultra	
P590	в рамках путешествий/0596.JPG	2023-06-04 19:24:04				4000	2252	Galaxy S23 Ultra	
P591	в рамках путешествий/0597.JPG	2023-06-04 19:25:14				4000	2252	Galaxy S23 Ultra	
P592	в рамках путешествий/0598.JPG	2023-06-04 19:25:23				4000	2252	Galaxy S23 Ultra	
P593	в рамках путешествий/0599.JPG	2023-06-04 19:25:58				4000	2252	Galaxy S23 Ultra	
P594	в рамках путешествий/0600.JPG	2023-06-04 19:26:38				4000	2252	Galaxy S23 Ultra	
P595	в рамках путешествий/0601.JPG	2023-06-04 19:26:47				4000	2252	Galaxy S23 Ultra	
P596	в рамках путешествий/0602.JPG	2023-06-04 19:27:38				4000	2252	Galaxy S23 Ultra	
P597	в рамках путешествий/0603.JPG	2023-06-04 19:28:40				4000	2252	Galaxy S23 Ultra	
P598	в рамках путешествий/0604.JPG	2023-06-04 19:28:45				4000	2252	Galaxy S23 Ultra	
P599	в рамках путешествий/0605.JPG	2023-06-04 19:29:05				4000	2252	Galaxy S23 Ultra	
P600	в рамках путешествий/0606.JPG	2023-06-04 19:29:56				4000	2252	Galaxy S23 Ultra	
P601	в рамках путешествий/0607.JPG	2023-06-04 19:30:12				4000	2252	Galaxy S23 Ultra	
P602	в рамках путешествий/0608.JPG	2023-06-04 19:31:49				4000	2252	Galaxy S23 Ultra	
P603	в рамках путешествий/0609.JPG	2023-06-04 19:32:07				4000	2252	Galaxy S23 Ultra	
P604	в рамках путешествий/0610.JPG	2023-06-04 19:33:54				4000	2252	Galaxy S23 Ultra	
P605	в рамках путешествий/0611.JPG	2023-06-04 19:33:59				4000	2252	Galaxy S23 Ultra	
P606	в рамках путешествий/0612.JPG	2023-06-04 19:34:13				4000	2252	Galaxy S23 Ultra	
P607	в рамках путешествий/0613.JPG	2023-06-04 19:35:04				4000	2252	Galaxy S23 Ultra	
P608	в рамках путешествий/0614.JPG	2023-06-04 19:38:28				4000	2252	Galaxy S23 Ultra	
P609	в рамках путешествий/0615.JPG	2023-06-04 19:38:32				4000	2252	Galaxy S23 Ultra	
P610	в рамках путешествий/0616.JPG	2023-06-04 19:38:48				4000	2252	Galaxy S23 Ultra	
P611	в рамках путешествий/0617.JPG	2023-06-04 19:41:17				4000	2252	Galaxy S23 Ultra	
P612	в рамках путешествий/0618.JPG	2023-06-04 19:41:20				4000	2252	Galaxy S23 Ultra	
P613	в рамках путешествий/0620.JPG	2023-06-04 19:49:35				4000	2252	Galaxy S23 Ultra	
P614	в рамках путешествий/0621.JPG	2023-06-04 19:49:44				4000	2252	Galaxy S23 Ultra	
P615	в рамках путешествий/0622.JPG	2023-06-04 19:52:37				4000	2252	Galaxy S23 Ultra	
P616	в рамках путешествий/0623.JPG	2023-06-04 19:52:46				4000	2252	Galaxy S23 Ultra	
P617	в рамках путешествий/0624.JPG	2023-06-04 19:52:52				4000	2252	Galaxy S23 Ultra	
P618	в рамках путешествий/0625.JPG	2023-06-04 19:53:23				4000	2252	Galaxy S23 Ultra	
P619	в рамках путешествий/0626.JPG	2023-06-04 19:53:44				4000	2252	Galaxy S23 Ultra	
P620	в рамках путешествий/0627.JPG	2023-06-04 19:54:02				4000	2252	Galaxy S23 Ultra	
P621	в рамках путешествий/0628.JPG	2023-06-04 19:55:00				4000	2252	Galaxy S23 Ultra	
P622	в рамках путешествий/0629.JPG	2023-06-04 19:57:37				4000	2252	Galaxy S23 Ultra	
P623	в рамках путешествий/0630.JPG	2023-06-04 19:57:44				4000	2252	Galaxy S23 Ultra	
P624	в рамках путешествий/0631.JPG	2023-06-04 19:58:09				4000	2252	Galaxy S23 Ultra	
P625	в рамках путешествий/0632.JPG	2023-06-04 19:58:25				4000	2252	Galaxy S23 Ultra	
P626	в рамках путешествий/0633.JPG	2023-06-04 19:58:50				4000	2252	Galaxy S23 Ultra	
P627	в рамках путешествий/0634.JPG	2023-06-04 19:59:31				4000	2252	Galaxy S23 Ultra	
P628	в рамках путешествий/0635.JPG	2023-06-04 20:01:36				4000	2252	Galaxy S23 Ultra	
P629	в рамках путешествий/0636.JPG	2023-06-04 20:01:50				4000	2252	Galaxy S23 Ultra	
P630	в рамках путешествий/0637.JPG	2023-06-04 20:03:30				4000	2252	Galaxy S23 Ultra	
P631	в рамках путешествий/0638.JPG	2023-06-04 20:06:12				4000	2252	Galaxy S23 Ultra	
P632	в рамках путешествий/0639.JPG	2023-06-04 20:08:58				4000	2252	Galaxy S23 Ultra	
P633	в рамках путешествий/0640.JPG	2023-06-04 21:00:59				4000	2252	Galaxy S23 Ultra	
P634	в рамках путешествий/0641.JPG	2023-06-04 21:01:05				4000	2252	Galaxy S23 Ultra	
P635	в рамках путешествий/0642.JPG	2023-06-04 21:21:47				4000	2252	Galaxy S23 Ultra	
P636	в рамках путешествий/0643.JPG	2023-06-04 21:22:03				4000	2252	Galaxy S23 Ultra	
P637	в рамках путешествий/0644.JPG	2023-06-04 21:22:20				4000	2252	Galaxy S23 Ultra	
P638	в рамках путешествий/0645.JPG	2023-06-04 21:24:36				4000	2252	Galaxy S23 Ultra	
P639	в рамках путешествий/0646.JPG	2023-06-04 21:24:44				4000	2252	Galaxy S23 Ultra	
P640	в рамках путешествий/0647.JPG	2023-06-04 21:25:20				4000	2252	Galaxy S23 Ultra	
P641	в рамках путешествий/0648.JPG	2023-06-04 21:25:28				4000	2252	Galaxy S23 Ultra	
P642	в рамках путешествий/0649.JPG	2023-06-04 21:26:26				4000	2252	Galaxy S23 Ultra	
P643	в рамках путешествий/0650.JPG	2023-06-04 21:29:38				4000	2252	Galaxy S23 Ultra	
P644	в рамках путешествий/0651.JPG	2023-06-04 21:29:56				4000	2252	Galaxy S23 Ultra	
P645	в рамках путешествий/0652.JPG	2023-06-04 21:31:37				4000	2252	Galaxy S23 Ultra	
P646	в рамках путешествий/0653.JPG	2023-06-04 21:31:41				4000	2252	Galaxy S23 Ultra	
P647	в рамках путешествий/0654.JPG	2023-06-04 21:40:58				4000	2252	Galaxy S23 Ultra	
P648	в рамках путешествий/0655.JPG	2023-06-04 21:41:25				4000	2252	Galaxy S23 Ultra	
P649	в рамках путешествий/0656.JPG	2023-06-04 21:41:48				4000	2252	Galaxy S23 Ultra	
P650	в рамках путешествий/0657.JPG	2023-06-04 21:42:09				4000	2252	Galaxy S23 Ultra	
P651	в рамках путешествий/0658.JPG	2023-06-04 21:42:15				4000	2252	Galaxy S23 Ultra	
P652	в рамках путешествий/0659.JPG	2023-06-04 21:50:41				4000	2252	Galaxy S23 Ultra	
P653	в рамках путешествий/0660.JPG	2023-06-04 21:50:53				4000	2252	Galaxy S23 Ultra	
P654	в рамках путешествий/0661.JPG	2023-06-04 21:51:18				4000	2252	Galaxy S23 Ultra	
P655	в рамках путешествий/0663.JPG	2023-06-04 21:52:33				4000	2252	Galaxy S23 Ultra	
P656	в рамках путешествий/0664.JPG	2023-06-04 21:52:59				4000	2252	Galaxy S23 Ultra	
P657	в рамках путешествий/0665.JPG	2023-06-04 21:53:08				4000	2252	Galaxy S23 Ultra	
P658	в рамках путешествий/0666.JPG	2023-06-04 21:57:24				4000	2252	Galaxy S23 Ultra	
P659	в рамках путешествий/0667.JPG	2023-06-04 22:04:43				4000	2252	Galaxy S23 Ultra	
P660	в рамках путешествий/0668.JPG	2023-06-04 22:04:51				4000	2252	Galaxy S23 Ultra	
P661	в рамках путешествий/0669.JPG	2023-06-04 22:07:48				4000	2252	Galaxy S23 Ultra	
P662	в рамках путешествий/0670.JPG	2023-06-04 22:08:20				4000	2252	Galaxy S23 Ultra	
P663	в рамках путешествий/0671.JPG	2023-06-04 22:08:52				4000	2252	Galaxy S23 Ultra	
P664	в рамках путешествий/0672.JPG	2023-06-04 22:08:59				4000	2252	Galaxy S23 Ultra	
P665	в рамках путешествий/0673.JPG	2023-06-04 22:18:24				4000	2252	Galaxy S23 Ultra	
P666	в рамках путешествий/0674.JPG	2023-06-04 22:19:06				4000	2252	Galaxy S23 Ultra	
P667	в рамках путешествий/0675.JPG	2023-06-04 22:20:27				4000	2252	Galaxy S23 Ultra	
P668	в рамках путешествий/0677.JPG	2023-06-04 22:22:11				4000	2252	Galaxy S23 Ultra	
P669	в рамках путешествий/0678.JPG	2023-06-04 22:22:22				4000	2252	Galaxy S23 Ultra	
P670	в рамках путешествий/0679.JPG	2023-06-04 22:34:08				4000	2252	Galaxy S23 Ultra	
P671	в рамках путешествий/0680.JPG	2023-06-04 22:38:14				4000	2252	Galaxy S23 Ultra	
P672	в рамках путешествий/0681.JPG	2023-06-04 22:38:17				4000	2252	Galaxy S23 Ultra	
P673	в рамках путешествий/0682.JPG	2023-06-04 22:38:29				4000	2252	Galaxy S23 Ultra	
P674	в рамках путешествий/0683.JPG	2023-06-04 22:38:32				4000	2252	Galaxy S23 Ultra	
P675	в рамках путешествий/0684.JPG	2023-06-04 22:39:11				4000	2252	Galaxy S23 Ultra	
P676	в рамках путешествий/0685.JPG	2023-06-04 22:39:15				4000	2252	Galaxy S23 Ultra	
P677	в рамках путешествий/0686.JPG	2023-06-04 22:39:21				4000	2252	Galaxy S23 Ultra	
P678	в рамках путешествий/0687.JPG	2023-06-04 22:39:52				4000	2252	Galaxy S23 Ultra	
P679	в рамках путешествий/0688.JPG	2023-06-04 22:39:54				4000	2252	Galaxy S23 Ultra	
P680	в рамках путешествий/0689.JPG	2023-06-04 22:40:29				4000	2252	Galaxy S23 Ultra	
P681	в рамках путешествий/0690.JPG	2023-06-04 22:44:43				4000	2252	Galaxy S23 Ultra	
P682	в рамках путешествий/0691.JPG	2023-06-04 22:44:47				4000	2252	Galaxy S23 Ultra	
P683	в рамках путешествий/0692.JPG	2023-06-04 22:56:20				4000	2252	Galaxy S23 Ultra	
P684	в рамках путешествий/0693.JPG	2023-06-04 22:56:24				4000	2252	Galaxy S23 Ultra	
P685	в рамках путешествий/0694.JPG	2023-06-04 22:56:44				4000	2252	Galaxy S23 Ultra	
P686	в рамках путешествий/0695.JPG	2023-06-04 22:58:13				4000	2252	Galaxy S23 Ultra	
P687	в рамках путешествий/0696.JPG	2023-06-04 22:58:29				4000	2252	Galaxy S23 Ultra	
P688	в рамках путешествий/0697.JPG	2023-06-04 23:00:07				4000	2252	Galaxy S23 Ultra	
P689	в рамках путешествий/0698.JPG	2023-06-04 23:00:30				4000	2252	Galaxy S23 Ultra	
P690	в рамках путешествий/0699.JPG	2023-06-04 23:00:55				4000	2252	Galaxy S23 Ultra	
P691	в рамках путешествий/0700.JPG	2023-06-04 23:02:06				4000	2252	Galaxy S23 Ultra	
P692	в рамках путешествий/0701.JPG	2023-06-04 23:02:09				4000	2252	Galaxy S23 Ultra	
P693	в рамках путешествий/0702.JPG	2023-06-04 23:04:17				4000	2252	Galaxy S23 Ultra	
P694	в рамках путешествий/0703.JPG	2023-06-04 23:04:26				4000	2252	Galaxy S23 Ultra	
P695	в рамках путешествий/0704.JPG	2023-06-04 23:04:51				3392	2544	Galaxy S23 Ultra	
P696	в рамках путешествий/0705.JPG	2023-06-04 23:05:02				3392	2544	Galaxy S23 Ultra	
P697	в рамках путешествий/0706.JPG	2023-06-04 23:06:13				4000	2252	Galaxy S23 Ultra	
P698	в рамках путешествий/0707.JPG	2023-06-04 23:06:17				4000	2252	Galaxy S23 Ultra	
P699	в рамках путешествий/0710.JPG	2023-06-04 23:12:24				4000	2252	Galaxy S23 Ultra	
P700	в рамках путешествий/0711.JPG	2023-06-04 23:12:28				4000	2252	Galaxy S23 Ultra	
P701	в рамках путешествий/0712.JPG	2023-06-04 23:12:49				4000	2252	Galaxy S23 Ultra	
P702	в рамках путешествий/0713.JPG	2023-06-04 23:12:56				4000	2252	Galaxy S23 Ultra	
P703	в рамках путешествий/0715.JPG	2023-06-04 23:14:11				4000	2252	Galaxy S23 Ultra	
P704	в рамках путешествий/0716.JPG	2023-06-04 23:14:14				4000	2252	Galaxy S23 Ultra	
P705	в рамках путешествий/0717.JPG	2023-06-04 23:14:19				4000	2252	Galaxy S23 Ultra	
P706	в рамках путешествий/0718.JPG	2023-06-04 23:14:30				4000	2252	Galaxy S23 Ultra	
P707	в рамках путешествий/0719.JPG	2023-06-04 23:15:28				4000	2252	Galaxy S23 Ultra	
P708	в рамках путешествий/0720.JPG	2023-06-04 23:15:34				4000	2252	Galaxy S23 Ultra	
P709	в рамках путешествий/0721.JPG	2023-06-04 23:15:39				4000	2252	Galaxy S23 Ultra	
P710	в рамках путешествий/0722.JPG	2023-06-04 23:16:23				4000	2252	Galaxy S23 Ultra	
P711	в рамках путешествий/0723.JPG	2023-06-04 23:16:51				4000	2252	Galaxy S23 Ultra	
P712	в рамках путешествий/0724.JPG	2023-06-04 23:16:57				4000	2252	Galaxy S23 Ultra	
P713	в рамках путешествий/0725.JPG	2023-06-04 23:17:05				4000	2252	Galaxy S23 Ultra	
P714	в рамках путешествий/0726.JPG	2023-06-04 23:17:50				4000	2252	Galaxy S23 Ultra	
P715	в рамках путешествий/0727.JPG	2023-06-04 23:19:25				4000	2252	Galaxy S23 Ultra	
P716	в рамках путешествий/0728.JPG	2023-06-04 23:21:21				4000	2252	Galaxy S23 Ultra	
P717	в рамках путешествий/0729.JPG	2023-06-04 23:22:40				4000	2252	Galaxy S23 Ultra	
P718	в рамках путешествий/0730.JPG	2023-06-04 23:32:16				4000	2252	Galaxy S23 Ultra	
P719	в рамках путешествий/0732.JPG	2023-06-04 23:38:44				4000	2252	Galaxy S23 Ultra	
P720	в рамках путешествий/0733.JPG	2023-06-04 23:39:47				4000	2252	Galaxy S23 Ultra	
P721	в рамках путешествий/0734.JPG	2023-06-04 23:40:11				4000	2252	Galaxy S23 Ultra	
P722	в рамках путешествий/0735.JPG	2023-06-04 23:41:23				4000	2252	Galaxy S23 Ultra	
P723	в рамках путешествий/0736.JPG	2023-06-04 23:41:26				4000	2252	Galaxy S23 Ultra	
P724	в рамках путешествий/0737.JPG	2023-06-04 23:41:49				4000	2252	Galaxy S23 Ultra	
P725	в рамках путешествий/0738.JPG	2023-06-04 23:42:58				4000	2252	Galaxy S23 Ultra	
P726	в рамках путешествий/0739.JPG	2023-06-04 23:43:03				4000	2252	Galaxy S23 Ultra	
P727	в рамках путешествий/0740.JPG	2023-06-04 23:53:24				4000	2252	Galaxy S23 Ultra	
P728	в рамках путешествий/0741.JPG	2023-06-04 23:55:54				4000	2252	Galaxy S23 Ultra	
P729	в рамках путешествий/0742.JPG	2023-06-04 23:56:59				4000	2252	Galaxy S23 Ultra	
P730	в рамках путешествий/0743.JPG	2023-06-04 23:57:38				4000	2252	Galaxy S23 Ultra	
P731	в рамках путешествий/0744.JPG	2023-06-04 23:57:54				4000	2252	Galaxy S23 Ultra	
P732	в рамках путешествий/0745.JPG	2023-06-05 00:00:51				4000	2252	Galaxy S23 Ultra	
P733	в рамках путешествий/0746.JPG	2023-06-05 00:01:39				4000	2252	Galaxy S23 Ultra	
P734	в рамках путешествий/0747.JPG	2023-06-05 00:02:06				4000	2252	Galaxy S23 Ultra	
P735	в рамках путешествий/0748.JPG	2023-06-05 00:02:08				4000	2252	Galaxy S23 Ultra	
P736	в рамках путешествий/0749.JPG	2023-06-05 00:02:47				4000	2252	Galaxy S23 Ultra	
P737	в рамках путешествий/0750.JPG	2023-06-05 00:02:56				4000	2252	Galaxy S23 Ultra	
P738	в рамках путешествий/0751.JPG	2023-06-05 00:03:03				4000	2252	Galaxy S23 Ultra	
P739	в рамках путешествий/0752.JPG	2023-06-05 00:03:29				4000	2252	Galaxy S23 Ultra	
P740	в рамках путешествий/0753.JPG	2023-06-05 00:03:37				4000	2252	Galaxy S23 Ultra	
P741	в рамках путешествий/0754.JPG	2023-06-05 00:04:06				4000	2252	Galaxy S23 Ultra	
P742	в рамках путешествий/0755.JPG	2023-06-05 00:04:15				4000	2252	Galaxy S23 Ultra	
P743	в рамках путешествий/0756.JPG	2023-06-05 00:04:43				4000	2252	Galaxy S23 Ultra	
P744	в рамках путешествий/0757.JPG	2023-06-05 00:04:46				4000	2252	Galaxy S23 Ultra	
P745	в рамках путешествий/0758.JPG	2023-06-05 00:05:44				4000	2252	Galaxy S23 Ultra	
P746	в рамках путешествий/0759.JPG	2023-06-05 00:05:55				4000	2252	Galaxy S23 Ultra	
P747	в рамках путешествий/0760.JPG	2023-06-05 00:06:01				4000	2252	Galaxy S23 Ultra	
P748	в рамках путешествий/0761.JPG	2023-06-05 00:06:12				4000	2252	Galaxy S23 Ultra	
P749	в рамках путешествий/0762.JPG	2023-06-05 00:07:03				4000	2252	Galaxy S23 Ultra	
P750	в рамках путешествий/0763.JPG	2023-06-05 00:07:09				4000	2252	Galaxy S23 Ultra	
P751	в рамках путешествий/0764.JPG	2023-06-05 00:07:42				4000	2252	Galaxy S23 Ultra	
P752	в рамках путешествий/0765.JPG	2023-06-05 00:07:46				4000	2252	Galaxy S23 Ultra	
P753	в рамках путешествий/0766.JPG	2023-06-05 00:11:36				4000	2252	Galaxy S23 Ultra	
P754	в рамках путешествий/0767.JPG	2023-06-05 00:11:39				4000	2252	Galaxy S23 Ultra	
P755	в рамках путешествий/0768.JPG	2023-06-05 00:12:04				4000	2252	Galaxy S23 Ultra	
P756	в рамках путешествий/0769.JPG	2023-06-05 00:12:12				4000	2252	Galaxy S23 Ultra	
P757	в рамках путешествий/0770.JPG	2023-06-05 00:12:25				4000	2252	Galaxy S23 Ultra	
P758	в рамках путешествий/0771.JPG	2023-06-05 00:12:46				4000	2252	Galaxy S23 Ultra	
P759	в рамках путешествий/0772.JPG	2023-06-05 00:13:05				4000	2252	Galaxy S23 Ultra	
P760	в рамках путешествий/0773.JPG	2023-06-05 00:13:28				4000	2252	Galaxy S23 Ultra	
P761	в рамках путешествий/0774.JPG	2023-06-05 00:14:06				4000	2252	Galaxy S23 Ultra	
P762	в рамках путешествий/0775.JPG	2023-06-05 00:14:20				4000	2252	Galaxy S23 Ultra	
P763	в рамках путешествий/0776.JPG	2023-06-05 00:14:34				4000	2252	Galaxy S23 Ultra	
P764	в рамках путешествий/0777.JPG	2023-06-05 00:14:45				4000	2252	Galaxy S23 Ultra	
P765	в рамках путешествий/0778.JPG	2023-06-05 00:14:52				4000	2252	Galaxy S23 Ultra	
P766	в рамках путешествий/0779.JPG	2023-06-05 00:15:07				4000	2252	Galaxy S23 Ultra	
P767	в рамках путешествий/0780.JPG	2023-06-05 00:15:15				4000	2252	Galaxy S23 Ultra	
P768	в рамках путешествий/0781.JPG	2023-06-05 00:15:21				4000	2252	Galaxy S23 Ultra	
P769	в рамках путешествий/0782.JPG	2023-06-05 00:15:32				4000	2252	Galaxy S23 Ultra	
P770	в рамках путешествий/0783.JPG	2023-06-05 00:15:36				4000	2252	Galaxy S23 Ultra	
P771	в рамках путешествий/0784.JPG	2023-06-05 00:16:13				4000	2252	Galaxy S23 Ultra	
P772	в рамках путешествий/0785.JPG	2023-06-05 00:16:40				4000	2252	Galaxy S23 Ultra	
P773	в рамках путешествий/0786.JPG	2023-06-05 00:16:46				4000	2252	Galaxy S23 Ultra	
P774	в рамках путешествий/0788.JPG	2023-06-05 00:19:45				4000	2252	Galaxy S23 Ultra	
P775	в рамках путешествий/0789.JPG	2023-06-05 00:19:51				4000	2252	Galaxy S23 Ultra	
P776	в рамках путешествий/0790.JPG	2023-06-05 00:20:18				4000	2252	Galaxy S23 Ultra	
P777	в рамках путешествий/0791.JPG	2023-06-05 00:20:22				4000	2252	Galaxy S23 Ultra	
P778	в рамках путешествий/0792.JPG	2023-06-05 00:21:44				4000	2252	Galaxy S23 Ultra	
P779	в рамках путешествий/0793.JPG	2023-06-05 00:21:47				4000	2252	Galaxy S23 Ultra	
P780	в рамках путешествий/0794.JPG	2023-06-05 00:22:36				4000	2252	Galaxy S23 Ultra	
P781	в рамках путешествий/0795.JPG	2023-06-05 00:22:58				4000	2252	Galaxy S23 Ultra	
P782	в рамках путешествий/0796.JPG	2023-06-05 00:24:51				4000	2252	Galaxy S23 Ultra	
P783	в рамках путешествий/0797.JPG	2023-06-05 00:24:58				4000	2252	Galaxy S23 Ultra	
P784	в рамках путешествий/0798.JPG	2023-06-05 00:28:24				4000	2252	Galaxy S23 Ultra	
P785	в рамках путешествий/0799.JPG	2023-06-05 00:31:27				4000	2252	Galaxy S23 Ultra	
P786	в рамках путешествий/0800.JPG	2023-06-05 00:33:14				4000	2252	Galaxy S23 Ultra	
P787	в рамках путешествий/0801.JPG	2023-06-05 00:34:06				4000	2252	Galaxy S23 Ultra	
P788	в рамках путешествий/0802.JPG	2023-06-05 00:34:19				4000	2252	Galaxy S23 Ultra	
P789	в рамках путешествий/0803.JPG	2023-06-05 00:37:00				4000	2252	Galaxy S23 Ultra	
P790	в рамках путешествий/0804.JPG	2023-06-05 00:37:11				4000	2252	Galaxy S23 Ultra	
P791	в рамках путешествий/0805.JPG	2023-06-05 10:26:10				4000	2252	Galaxy S23 Ultra	
P792	в рамках путешествий/0806.JPG	2023-06-05 10:51:38				4000	2252	Galaxy S23 Ultra	
P793	в рамках путешествий/0807.JPG	2023-06-05 10:58:59				4000	2252	Galaxy S23 Ultra	
P794	в рамках путешествий/0808.JPG	2023-06-05 10:59:29				4000	2252	Galaxy S23 Ultra	
P795	в рамках путешествий/0809.JPG	2023-06-05 10:59:33				4000	2252	Galaxy S23 Ultra	
P796	в рамках путешествий/0810.JPG	2023-06-05 11:00:37				4000	2252	Galaxy S23 Ultra	
P797	в рамках путешествий/0811.JPG	2023-06-05 11:00:49				4000	2252	Galaxy S23 Ultra	
P798	в рамках путешествий/0812.JPG	2023-06-05 11:00:53				4000	2252	Galaxy S23 Ultra	
P799	в рамках путешествий/0813.JPG	2023-06-05 11:01:02				4000	3000	Galaxy S23 Ultra	
P800	в рамках путешествий/0814.JPG	2023-06-05 11:01:19				4000	2252	Galaxy S23 Ultra	
P801	в рамках путешествий/0815.JPG	2023-06-05 11:02:25				4000	2252	Galaxy S23 Ultra	
P802	в рамках путешествий/0816.JPG	2023-06-05 11:02:27				4000	2252	Galaxy S23 Ultra	
P803	в рамках путешествий/0817.JPG	2023-06-05 11:02:53				4000	2252	Galaxy S23 Ultra	
P804	в рамках путешествий/0818.JPG	2023-06-05 11:03:29				4000	2252	Galaxy S23 Ultra	
P805	в рамках путешествий/0819.JPG	2023-06-05 11:03:40				4000	2252	Galaxy S23 Ultra	
P806	в рамках путешествий/0820.JPG	2023-06-05 11:03:49				4000	2252	Galaxy S23 Ultra	
P807	в рамках путешествий/0821.JPG	2023-06-05 11:04:11				4000	2252	Galaxy S23 Ultra	
P808	в рамках путешествий/0822.JPG	2023-06-05 11:04:32				4000	2252	Galaxy S23 Ultra	
P809	в рамках путешествий/0823.JPG	2023-06-05 11:05:18				4000	2252	Galaxy S23 Ultra	
P810	в рамках путешествий/0824.JPG	2023-06-05 11:05:20				4000	2252	Galaxy S23 Ultra	
P811	в рамках путешествий/0825.JPG	2023-06-05 11:08:28				4000	2252	Galaxy S23 Ultra	
P812	в рамках путешествий/0826.JPG	2023-06-05 11:09:52				4000	2252	Galaxy S23 Ultra	
P813	в рамках путешествий/0827.JPG	2023-06-05 11:11:13				3392	2544	Galaxy S23 Ultra	
P814	в рамках путешествий/0828.JPG	2023-06-05 11:11:17				4000	3000	Galaxy S23 Ultra	
P815	в рамках путешествий/0829.JPG	2023-06-05 11:11:20				4000	3000	Galaxy S23 Ultra	
P816	в рамках путешествий/0830.JPG	2023-06-05 11:14:12				4000	2252	Galaxy S23 Ultra	
P817	в рамках путешествий/0831.JPG	2023-06-05 11:16:36				4000	2252	Galaxy S23 Ultra	
P818	в рамках путешествий/0832.JPG	2023-06-05 11:16:40				4000	2252	Galaxy S23 Ultra	
P819	в рамках путешествий/0833.JPG	2023-06-05 11:16:44				4000	2252	Galaxy S23 Ultra	
P820	в рамках путешествий/0834.JPG	2023-06-05 11:17:11				4000	2252	Galaxy S23 Ultra	
P821	в рамках путешествий/0836.JPG	2023-06-05 11:18:29				4000	2252	Galaxy S23 Ultra	
P822	в рамках путешествий/0837.JPG	2023-06-05 11:25:17				4000	2252	Galaxy S23 Ultra	
P823	в рамках путешествий/0838.JPG	2023-06-05 11:25:23				4000	2252	Galaxy S23 Ultra	
P824	в рамках путешествий/0839.JPG	2023-06-05 11:28:48				4000	2252	Galaxy S23 Ultra	
P825	в рамках путешествий/0840.JPG	2023-06-05 11:29:11				4000	2252	Galaxy S23 Ultra	
P826	в рамках путешествий/0841.JPG	2023-06-05 11:29:47				4000	2252	Galaxy S23 Ultra	
P827	в рамках путешествий/0842.JPG	2023-06-05 11:31:44				4000	2252	Galaxy S23 Ultra	
P828	в рамках путешествий/0843.JPG	2023-06-05 11:32:57				4000	2252	Galaxy S23 Ultra	
P829	в рамках путешествий/0844.JPG	2023-06-05 11:32:59				4000	2252	Galaxy S23 Ultra	
P830	в рамках путешествий/0845.JPG	2023-06-05 11:33:02				4000	2252	Galaxy S23 Ultra	
P831	в рамках путешествий/0846.JPG	2023-06-05 11:34:19				4000	2252	Galaxy S23 Ultra	
P832	в рамках путешествий/0847.JPG	2023-06-05 11:36:14				4000	2252	Galaxy S23 Ultra	
P833	в рамках путешествий/0848.JPG	2023-06-05 11:41:15				4000	2252	Galaxy S23 Ultra	
P834	в рамках путешествий/0849.JPG	2023-06-05 11:43:31				4000	2252	Galaxy S23 Ultra	
P835	в рамках путешествий/0850.JPG	2023-06-05 11:43:34				4000	2252	Galaxy S23 Ultra	
P836	в рамках путешествий/0851.JPG	2023-06-05 11:43:38				4000	2252	Galaxy S23 Ultra	
P837	в рамках путешествий/0852.JPG	2023-06-05 11:44:45				4000	2252	Galaxy S23 Ultra	
P838	в рамках путешествий/0853.JPG	2023-06-05 11:44:51				4000	2252	Galaxy S23 Ultra	
P839	в рамках путешествий/0854.JPG	2023-06-05 11:44:59				4000	2252	Galaxy S23 Ultra	
P840	в рамках путешествий/0855.JPG	2023-06-05 11:47:29				4000	2252	Galaxy S23 Ultra	
P841	в рамках путешествий/0856.JPG	2023-06-05 11:47:34				4000	2252	Galaxy S23 Ultra	
P842	в рамках путешествий/0857.JPG	2023-06-05 12:04:26				3392	2544	Galaxy S23 Ultra	
P843	в рамках путешествий/0858.JPG	2023-06-05 12:04:35				4000	3000	Galaxy S23 Ultra	
P844	в рамках путешествий/0859.JPG	2023-06-05 12:04:49				4000	3000	Galaxy S23 Ultra	
P845	в рамках путешествий/0860.JPG	2023-06-05 12:12:37				3392	2544	Galaxy S23 Ultra	
P846	в рамках путешествий/0861.JPG	2023-06-05 12:12:43				4000	2252	Galaxy S23 Ultra	
P847	в рамках путешествий/0862.JPG	2023-06-05 12:12:46				4000	2252	Galaxy S23 Ultra	
P848	в рамках путешествий/0863.JPG	2023-06-05 12:12:50				4000	2252	Galaxy S23 Ultra	
P849	в рамках путешествий/0864.JPG	2023-06-05 12:34:49				4000	2252	Galaxy S23 Ultra	
P850	в рамках путешествий/0865.JPG	2023-06-05 12:34:53				4000	2252	Galaxy S23 Ultra	
P851	в рамках путешествий/0866.JPG	2023-06-05 12:36:06				4000	2252	Galaxy S23 Ultra	
P852	в рамках путешествий/0867.JPG	2023-06-05 12:36:52				4000	2252	Galaxy S23 Ultra	
P853	в рамках путешествий/0868.JPG	2023-06-05 12:38:09				4000	2252	Galaxy S23 Ultra	
P854	в рамках путешествий/0869.JPG	2023-06-05 12:39:02				4000	2252	Galaxy S23 Ultra	
P855	в рамках путешествий/0870.JPG	2023-06-05 12:39:10				4000	2252	Galaxy S23 Ultra	
P856	в рамках путешествий/0871.JPG	2023-06-05 13:04:05				4000	2252	Galaxy S23 Ultra	
P857	в рамках путешествий/0872.JPG	2023-06-05 13:04:11				4000	2252	Galaxy S23 Ultra	
P858	в рамках путешествий/0873.JPG	2023-06-05 13:57:11				4000	2252	Galaxy S23 Ultra	
P859	в рамках путешествий/0874.JPG	2023-06-05 13:57:17				4000	2252	Galaxy S23 Ultra	
P860	в рамках путешествий/0875.JPG	2023-06-05 14:00:19				4000	2252	Galaxy S23 Ultra	
P861	в рамках путешествий/0876.JPG	2023-06-05 14:00:23				4000	2252	Galaxy S23 Ultra	
P862	в рамках путешествий/0877.JPG	2023-06-05 14:00:30				4000	2252	Galaxy S23 Ultra	
P863	в рамках путешествий/0878.JPG	2023-06-05 14:00:52				4000	2252	Galaxy S23 Ultra	
P864	в рамках путешествий/0879.JPG	2023-06-05 14:00:55				4000	2252	Galaxy S23 Ultra	
P865	в рамках путешествий/0880.JPG	2023-06-05 14:02:34				4000	2252	Galaxy S23 Ultra	
P866	в рамках путешествий/0881.JPG	2023-06-05 14:03:16				4000	2252	Galaxy S23 Ultra	
P867	в рамках путешествий/0882.JPG	2023-06-05 14:03:21				4000	2252	Galaxy S23 Ultra	
P868	в рамках путешествий/0883.JPG	2023-06-05 14:03:26				4000	2252	Galaxy S23 Ultra	
P869	в рамках путешествий/0884.JPG	2023-06-05 14:03:36				3392	2544	Galaxy S23 Ultra	
P870	в рамках путешествий/0885.JPG	2023-06-05 14:05:49				4000	2252	Galaxy S23 Ultra	
P871	в рамках путешествий/0886.JPG	2023-06-05 14:05:55				3392	2544	Galaxy S23 Ultra	
P872	в рамках путешествий/0887.JPG	2023-06-05 14:06:03				3392	2544	Galaxy S23 Ultra	
P873	в рамках путешествий/0888.JPG	2023-06-05 14:06:05				3392	2544	Galaxy S23 Ultra	
P874	в рамках путешествий/0889.JPG	2023-06-05 14:06:17				4000	2252	Galaxy S23 Ultra	
P875	в рамках путешествий/0890.JPG	2023-06-05 14:06:27				4000	2252	Galaxy S23 Ultra	
P876	в рамках путешествий/0891.JPG	2023-06-05 14:06:31				4000	2252	Galaxy S23 Ultra	
P877	в рамках путешествий/0892.JPG	2023-06-05 14:06:35				4000	2252	Galaxy S23 Ultra	
P878	в рамках путешествий/0893.JPG	2023-06-05 14:06:47				4000	2252	Galaxy S23 Ultra	
P879	в рамках путешествий/0896.JPG	2023-06-05 14:08:38				4000	2252	Galaxy S23 Ultra	
P880	в рамках путешествий/0897.JPG	2023-06-05 14:08:50				4000	2252	Galaxy S23 Ultra	
P881	в рамках путешествий/0898.JPG	2023-06-05 14:12:07				4000	2252	Galaxy S23 Ultra	
P882	в рамках путешествий/0899.JPG	2023-06-05 14:12:10				4000	2252	Galaxy S23 Ultra	
P883	в рамках путешествий/0900.JPG	2023-06-05 14:12:14				4000	2252	Galaxy S23 Ultra	
P884	в рамках путешествий/0901.JPG	2023-06-05 14:12:18				4000	2252	Galaxy S23 Ultra	
P885	в рамках путешествий/0902.JPG	2023-06-05 14:12:24				4000	2252	Galaxy S23 Ultra	
P886	в рамках путешествий/0903.JPG	2023-06-05 14:12:31				4000	2252	Galaxy S23 Ultra	
P887	в рамках путешествий/0904.JPG	2023-06-05 14:12:35				4000	2252	Galaxy S23 Ultra	
P888	в рамках путешествий/0905.JPG	2023-06-05 14:15:27				4000	2252	Galaxy S23 Ultra	
P889	в рамках путешествий/0906.JPG	2023-06-05 14:15:30				4000	2252	Galaxy S23 Ultra	
P890	в рамках путешествий/0907.JPG	2023-06-05 14:15:36				4000	2252	Galaxy S23 Ultra	
P891	в рамках путешествий/0908.JPG	2023-06-05 14:15:41				4000	2252	Galaxy S23 Ultra	
P892	в рамках путешествий/0909.JPG	2023-06-05 14:17:27				4000	2252	Galaxy S23 Ultra	
P893	в рамках путешествий/0910.JPG	2023-06-05 14:17:32				4000	2252	Galaxy S23 Ultra	
P894	в рамках путешествий/0911.JPG	2023-06-05 14:18:42				4000	2252	Galaxy S23 Ultra	
P895	в рамках путешествий/0912.JPG	2023-06-05 14:18:56				4000	2252	Galaxy S23 Ultra	
P896	в рамках путешествий/0913.JPG	2023-06-05 14:19:03				4000	2252	Galaxy S23 Ultra	
P897	в рамках путешествий/0914.JPG	2023-06-05 14:19:09				4000	2252	Galaxy S23 Ultra	
P898	в рамках путешествий/0915.JPG	2023-06-05 14:19:35				4000	2252	Galaxy S23 Ultra	
P899	в рамках путешествий/0916.JPG	2023-06-05 14:19:54				4000	2252	Galaxy S23 Ultra	
P900	в рамках путешествий/0917.JPG	2023-06-05 14:19:57				4000	2252	Galaxy S23 Ultra	
P901	в рамках путешествий/0918.JPG	2023-06-05 14:20:00				4000	2252	Galaxy S23 Ultra	
P902	в рамках путешествий/0919.JPG	2023-06-05 14:20:11				4000	2252	Galaxy S23 Ultra	
P903	в рамках путешествий/0920.JPG	2023-06-05 14:20:20				4000	2252	Galaxy S23 Ultra	
P904	в рамках путешествий/0921.JPG	2023-06-05 14:20:35				4000	2252	Galaxy S23 Ultra	
P905	в рамках путешествий/0923.JPG	2023-06-05 14:24:44				4000	2252	Galaxy S23 Ultra	
P906	в рамках путешествий/0924.JPG	2023-06-05 14:24:46				4000	2252	Galaxy S23 Ultra	
P907	в рамках путешествий/0925.JPG	2023-06-05 14:26:04				4000	2252	Galaxy S23 Ultra	
P908	в рамках путешествий/0926.JPG	2023-06-05 14:26:34				4000	2252	Galaxy S23 Ultra	
P909	в рамках путешествий/0927.JPG	2023-06-05 14:33:55				4000	2252	Galaxy S23 Ultra	
P910	в рамках путешествий/0928.JPG	2023-06-05 14:33:57				4000	2252	Galaxy S23 Ultra	
P911	в рамках путешествий/0929.JPG	2023-06-05 14:39:32				4000	2252	Galaxy S23 Ultra	
P912	в рамках путешествий/0930.JPG	2023-06-05 14:39:36				4000	2252	Galaxy S23 Ultra	
P913	в рамках путешествий/0931.JPG	2023-06-05 14:45:08				4000	2252	Galaxy S23 Ultra	
P914	в рамках путешествий/0932.JPG	2023-06-05 14:45:14				4000	2252	Galaxy S23 Ultra	
P915	в рамках путешествий/0933.JPG	2023-06-05 15:02:39				4000	2252	Galaxy S23 Ultra	
P916	в рамках путешествий/0934.JPG	2023-06-05 15:02:42				4000	2252	Galaxy S23 Ultra	
P917	в рамках путешествий/0935.JPG	2023-06-05 15:02:45				4000	2252	Galaxy S23 Ultra	
P918	в рамках путешествий/0936.JPG	2023-06-05 15:03:46				4000	2252	Galaxy S23 Ultra	
P919	в рамках путешествий/0937.JPG	2023-06-05 15:35:02				4000	2252	Galaxy S23 Ultra	
P920	в рамках путешествий/0938.JPG	2023-06-05 16:00:25				4000	2252	Galaxy S23 Ultra	
P921	в рамках путешествий/0939.JPG	2023-06-05 16:08:03				4000	2252	Galaxy S23 Ultra	
P922	в рамках путешествий/0940.JPG	2023-06-05 16:08:08				4000	2252	Galaxy S23 Ultra	
P923	в рамках путешествий/0942.JPG	2023-06-05 16:12:49				4000	2252	Galaxy S23 Ultra	
P924	в рамках путешествий/0943.JPG	2023-06-05 16:12:52				4000	2252	Galaxy S23 Ultra	
P925	в рамках путешествий/0944.JPG	2023-06-05 16:13:34				4000	2252	Galaxy S23 Ultra	
P926	в рамках путешествий/0946.JPG	2023-06-05 16:15:19				4000	2252	Galaxy S23 Ultra	
P927	в рамках путешествий/0948.JPG	2023-06-05 16:16:29				4000	2252	Galaxy S23 Ultra	
P928	в рамках путешествий/0949.JPG	2023-06-05 16:16:35				4000	2252	Galaxy S23 Ultra	
P929	в рамках путешествий/0950.JPG	2023-06-05 16:16:54				4000	2252	Galaxy S23 Ultra	
P930	в рамках путешествий/0951.JPG	2023-06-05 16:17:00				4000	2252	Galaxy S23 Ultra	
P931	в рамках путешествий/0952.JPG	2023-06-05 16:17:44				4000	2252	Galaxy S23 Ultra	
P932	в рамках путешествий/0953.JPG	2023-06-05 16:17:55				4000	2252	Galaxy S23 Ultra	
P933	в рамках путешествий/0954.JPG	2023-06-05 16:19:04				4000	2252	Galaxy S23 Ultra	
P934	в рамках путешествий/0955.JPG	2023-06-05 16:19:34				4000	2252	Galaxy S23 Ultra	
P935	в рамках путешествий/0956.JPG	2023-06-05 16:19:41				4000	2252	Galaxy S23 Ultra	
P936	в рамках путешествий/0957.JPG	2023-06-05 16:20:30				4000	2252	Galaxy S23 Ultra	
P937	в рамках путешествий/0959.JPG	2023-06-05 16:24:14				4000	2252	Galaxy S23 Ultra	
P938	в рамках путешествий/0960.JPG	2023-06-05 16:24:19				4000	2252	Galaxy S23 Ultra	
P939	в рамках путешествий/0961.JPG	2023-06-05 16:24:47				4000	2252	Galaxy S23 Ultra	
P940	в рамках путешествий/0962.JPG	2023-06-05 16:26:21				4000	2252	Galaxy S23 Ultra	
P941	в рамках путешествий/0963.JPG	2023-06-05 16:27:14				4000	2252	Galaxy S23 Ultra	
P942	в рамках путешествий/0964.JPG	2023-06-05 16:27:28				4000	2252	Galaxy S23 Ultra	
P943	в рамках путешествий/0965.JPG	2023-06-05 16:27:33				4000	2252	Galaxy S23 Ultra	
P944	в рамках путешествий/0966.JPG	2023-06-05 16:28:05				4000	2252	Galaxy S23 Ultra	
P945	в рамках путешествий/0967.JPG	2023-06-05 16:28:45				4000	2252	Galaxy S23 Ultra	
P946	в рамках путешествий/0968.JPG	2023-06-05 16:29:44				4000	2252	Galaxy S23 Ultra	
P947	в рамках путешествий/0969.JPG	2023-06-05 16:32:17				4000	2252	Galaxy S23 Ultra	
P948	в рамках путешествий/0970.JPG	2023-06-05 16:33:08				4000	2252	Galaxy S23 Ultra	
P949	в рамках путешествий/0971.JPG	2023-06-05 16:33:12				4000	2252	Galaxy S23 Ultra	
P950	в рамках путешествий/0972.JPG	2023-06-05 16:34:09				4000	2252	Galaxy S23 Ultra	
P951	в рамках путешествий/0973.JPG	2023-06-05 16:34:16				4000	2252	Galaxy S23 Ultra	
P952	в рамках путешествий/0974.JPG	2023-06-05 16:34:47				4000	2252	Galaxy S23 Ultra	
P953	в рамках путешествий/0975.JPG	2023-06-05 16:35:34				4000	2252	Galaxy S23 Ultra	
P954	в рамках путешествий/0976.JPG	2023-06-05 16:35:41				4000	2252	Galaxy S23 Ultra	
P955	в рамках путешествий/0977.JPG	2023-06-05 16:36:02				4000	2252	Galaxy S23 Ultra	
P956	в рамках путешествий/0978.JPG	2023-06-05 16:36:27				4000	2252	Galaxy S23 Ultra	
P957	в рамках путешествий/0979.JPG	2023-06-05 16:37:12				4000	2252	Galaxy S23 Ultra	
P958	в рамках путешествий/0980.JPG	2023-06-05 16:38:12				4000	2252	Galaxy S23 Ultra	
P959	в рамках путешествий/0981.JPG	2023-06-05 16:38:33				4000	2252	Galaxy S23 Ultra	
P960	в рамках путешествий/0982.JPG	2023-06-05 16:39:29				4000	2252	Galaxy S23 Ultra	
P961	в рамках путешествий/0983.JPG	2023-06-05 16:39:43				4000	2252	Galaxy S23 Ultra	
P962	в рамках путешествий/0984.JPG	2023-06-05 16:41:42				4000	2252	Galaxy S23 Ultra	
P963	в рамках путешествий/0985.JPG	2023-06-05 16:43:11				4000	2252	Galaxy S23 Ultra	
P964	в рамках путешествий/0986.JPG	2023-06-05 16:45:09				4000	2252	Galaxy S23 Ultra	
P965	в рамках путешествий/0987.JPG	2023-06-05 16:45:29				4000	2252	Galaxy S23 Ultra	
P966	в рамках путешествий/0988.JPG	2023-06-05 16:45:33				4000	2252	Galaxy S23 Ultra	
P967	в рамках путешествий/0989.JPG	2023-06-05 16:46:35				4000	2252	Galaxy S23 Ultra	
P968	в рамках путешествий/0991.JPG	2023-06-05 16:50:37				4000	2252	Galaxy S23 Ultra	
P969	в рамках путешествий/0992.JPG	2023-06-05 16:50:47				4000	2252	Galaxy S23 Ultra	
P970	в рамках путешествий/0993.JPG	2023-06-05 16:51:17				4000	2252	Galaxy S23 Ultra	
P971	в рамках путешествий/0994.JPG	2023-06-05 16:52:29				4000	2252	Galaxy S23 Ultra	
P972	в рамках путешествий/0995.JPG	2023-06-05 16:56:35				4000	2252	Galaxy S23 Ultra	
P973	в рамках путешествий/0996.JPG	2023-06-05 16:56:39				4000	2252	Galaxy S23 Ultra	
P974	в рамках путешествий/0997.JPG	2023-06-05 16:57:15				4000	2252	Galaxy S23 Ultra	
P975	в рамках путешествий/0998.JPG	2023-06-05 16:57:19				4000	2252	Galaxy S23 Ultra	
P976	в рамках путешествий/0999.JPG	2023-06-05 16:58:12				4000	2252	Galaxy S23 Ultra	
P977	в рамках путешествий/1000.JPG	2023-06-05 16:58:40				4000	2252	Galaxy S23 Ultra	
P978	в рамках путешествий/1001.JPG	2023-06-05 16:59:20				4000	2252	Galaxy S23 Ultra	
P979	в рамках путешествий/1002.JPG	2023-06-05 16:59:24				4000	2252	Galaxy S23 Ultra	
P980	в рамках путешествий/1003.JPG	2023-06-05 17:00:00				4000	2252	Galaxy S23 Ultra	
P981	в рамках путешествий/1004.JPG	2023-06-05 17:00:54				4000	2252	Galaxy S23 Ultra	
P982	в рамках путешествий/1005.JPG	2023-06-05 17:01:00				4000	2252	Galaxy S23 Ultra	
P983	в рамках путешествий/1006.JPG	2023-06-05 17:02:24				4000	2252	Galaxy S23 Ultra	
P984	в рамках путешествий/1007.JPG	2023-06-05 17:03:46				4000	2252	Galaxy S23 Ultra	
P985	в рамках путешествий/1008.JPG	2023-06-05 17:03:51				4000	2252	Galaxy S23 Ultra	
P986	в рамках путешествий/1009.JPG	2023-06-05 17:05:47				4000	2252	Galaxy S23 Ultra	
P987	в рамках путешествий/1010.JPG	2023-06-05 17:05:56				4000	2252	Galaxy S23 Ultra	
P988	в рамках путешествий/1011.JPG	2023-06-05 17:06:02				4000	2252	Galaxy S23 Ultra	
P989	в рамках путешествий/1012.JPG	2023-06-05 17:07:29				4000	2252	Galaxy S23 Ultra	
P990	в рамках путешествий/1013.JPG	2023-06-05 17:08:00				4000	2252	Galaxy S23 Ultra	
P991	в рамках путешествий/1014.JPG	2023-06-05 17:08:15				4000	2252	Galaxy S23 Ultra	
P992	в рамках путешествий/1015.JPG	2023-06-05 17:08:58				4000	2252	Galaxy S23 Ultra	
P993	в рамках путешествий/1016.JPG	2023-06-05 17:09:04				4000	2252	Galaxy S23 Ultra	
P994	в рамках путешествий/1017.JPG	2023-06-05 17:10:11				4000	2252	Galaxy S23 Ultra	
P995	в рамках путешествий/1018.JPG	2023-06-05 17:10:35				4000	2252	Galaxy S23 Ultra	
P996	в рамках путешествий/1019.JPG	2023-06-05 17:11:02				4000	2252	Galaxy S23 Ultra	
P997	в рамках путешествий/1020.JPG	2023-06-05 17:11:11				4000	2252	Galaxy S23 Ultra	
P998	в рамках путешествий/1021.JPG	2023-06-05 17:13:53				4000	2252	Galaxy S23 Ultra	
P999	в рамках путешествий/1022.JPG	2023-06-05 17:14:07				4000	2252	Galaxy S23 Ultra	
P1000	в рамках путешествий/1023.JPG	2023-06-05 17:14:58				4000	2252	Galaxy S23 Ultra	
P1001	в рамках путешествий/1024.JPG	2023-06-05 17:15:03				4000	2252	Galaxy S23 Ultra	
P1002	в рамках путешествий/1025.JPG	2023-06-05 17:15:22				4000	2252	Galaxy S23 Ultra	
P1003	в рамках путешествий/1026.JPG	2023-06-05 17:16:20				4000	2252	Galaxy S23 Ultra	
P1004	в рамках путешествий/1027.JPG	2023-06-05 17:17:15				4000	2252	Galaxy S23 Ultra	
P1005	в рамках путешествий/1028.JPG	2023-06-05 17:17:24				4000	2252	Galaxy S23 Ultra	
P1006	в рамках путешествий/1029.JPG	2023-06-05 17:18:24				4000	2252	Galaxy S23 Ultra	
P1007	в рамках путешествий/1030.JPG	2023-06-05 17:18:35				4000	2252	Galaxy S23 Ultra	
P1008	в рамках путешествий/1031.JPG	2023-06-05 17:19:33				4000	2252	Galaxy S23 Ultra	
P1009	в рамках путешествий/1032.JPG	2023-06-05 17:19:40				4000	2252	Galaxy S23 Ultra	
P1010	в рамках путешествий/1033.JPG	2023-06-05 17:19:47				4000	2252	Galaxy S23 Ultra	
P1011	в рамках путешествий/1034.JPG	2023-06-05 17:20:06				4000	2252	Galaxy S23 Ultra	
P1012	в рамках путешествий/1035.JPG	2023-06-05 17:20:09				4000	2252	Galaxy S23 Ultra	
P1013	в рамках путешествий/1036.JPG	2023-06-05 17:20:30				4000	2252	Galaxy S23 Ultra	
P1014	в рамках путешествий/1037.JPG	2023-06-05 17:20:34				4000	2252	Galaxy S23 Ultra	
P1015	в рамках путешествий/1038.JPG	2023-06-05 17:22:36				4000	2252	Galaxy S23 Ultra	
P1016	в рамках путешествий/1039.JPG	2023-06-05 17:22:41				4000	2252	Galaxy S23 Ultra	
P1017	в рамках путешествий/1040.JPG	2023-06-05 17:24:59				4000	2252	Galaxy S23 Ultra	
P1018	в рамках путешествий/1041.JPG	2023-06-05 17:25:13				4000	2252	Galaxy S23 Ultra	
P1019	в рамках путешествий/1042.JPG	2023-06-05 17:27:41				4000	2252	Galaxy S23 Ultra	
P1020	в рамках путешествий/1043.JPG	2023-06-05 17:27:51				4000	2252	Galaxy S23 Ultra	
P1021	в рамках путешествий/1044.JPG	2023-06-05 17:28:58				4000	2252	Galaxy S23 Ultra	
P1022	в рамках путешествий/1046.JPG	2023-06-05 17:31:04				4000	2252	Galaxy S23 Ultra	
P1023	в рамках путешествий/1047.JPG	2023-06-05 17:32:03				4000	2252	Galaxy S23 Ultra	
P1024	в рамках путешествий/1048.JPG	2023-06-05 17:32:27				4000	2252	Galaxy S23 Ultra	
P1025	в рамках путешествий/1049.JPG	2023-06-05 17:32:32				4000	2252	Galaxy S23 Ultra	
P1026	в рамках путешествий/1050.JPG	2023-06-05 17:32:41				4000	2252	Galaxy S23 Ultra	
P1027	в рамках путешествий/1052.JPG	2023-06-05 17:36:34				4000	2252	Galaxy S23 Ultra	
P1028	в рамках путешествий/1053.JPG	2023-06-05 17:38:56				4000	2252	Galaxy S23 Ultra	
P1029	в рамках путешествий/1054.JPG	2023-06-05 17:41:35				4000	2252	Galaxy S23 Ultra	
P1030	в рамках путешествий/1055.JPG	2023-06-05 17:41:42				4000	2252	Galaxy S23 Ultra	
P1031	в рамках путешествий/1056.JPG	2023-06-05 17:41:47				4000	2252	Galaxy S23 Ultra	
P1032	в рамках путешествий/1057.JPG	2023-06-05 17:42:05				4000	2252	Galaxy S23 Ultra	
P1033	в рамках путешествий/1058.JPG	2023-06-05 17:43:46				4000	2252	Galaxy S23 Ultra	
P1034	в рамках путешествий/1059.JPG	2023-06-05 17:44:23				4000	2252	Galaxy S23 Ultra	
P1035	в рамках путешествий/1060.JPG	2023-06-05 17:45:31				4000	2252	Galaxy S23 Ultra	
P1036	в рамках путешествий/1061.JPG	2023-06-05 17:45:40				4000	2252	Galaxy S23 Ultra	
P1037	в рамках путешествий/1062.JPG	2023-06-05 17:45:59				4000	2252	Galaxy S23 Ultra	
P1038	в рамках путешествий/1063.JPG	2023-06-05 17:46:08				4000	2252	Galaxy S23 Ultra	
P1039	в рамках путешествий/1064.JPG	2023-06-05 17:46:11				4000	2252	Galaxy S23 Ultra	
P1040	в рамках путешествий/1065.JPG	2023-06-05 17:46:28				4000	2252	Galaxy S23 Ultra	
P1041	в рамках путешествий/1066.JPG	2023-06-05 17:46:32				4000	2252	Galaxy S23 Ultra	
P1042	в рамках путешествий/1067.JPG	2023-06-05 17:47:00				4000	2252	Galaxy S23 Ultra	
P1043	в рамках путешествий/1068.JPG	2023-06-05 17:47:11				4000	2252	Galaxy S23 Ultra	
P1044	в рамках путешествий/1069.JPG	2023-06-05 17:47:42				4000	2252	Galaxy S23 Ultra	
P1045	в рамках путешествий/1070.JPG	2023-06-05 17:48:59				4000	2252	Galaxy S23 Ultra	
P1046	в рамках путешествий/1072.JPG	2023-06-05 17:50:32				4000	2252	Galaxy S23 Ultra	
P1047	в рамках путешествий/1073.JPG	2023-06-05 17:51:42				4000	2252	Galaxy S23 Ultra	
P1048	в рамках путешествий/1074.JPG	2023-06-05 17:52:22				4000	2252	Galaxy S23 Ultra	
P1049	в рамках путешествий/1075.JPG	2023-06-05 17:52:33				4000	2252	Galaxy S23 Ultra	
P1050	в рамках путешествий/1076.JPG	2023-06-05 17:53:16				4000	2252	Galaxy S23 Ultra	
P1051	в рамках путешествий/1077.JPG	2023-06-05 17:53:20				4000	2252	Galaxy S23 Ultra	
P1052	в рамках путешествий/1078.JPG	2023-06-05 17:53:57				4000	2252	Galaxy S23 Ultra	
P1053	в рамках путешествий/1079.JPG	2023-06-05 17:54:07				4000	2252	Galaxy S23 Ultra	
P1054	в рамках путешествий/1080.JPG	2023-06-05 17:57:47				4000	2252	Galaxy S23 Ultra	
P1055	в рамках путешествий/1081.JPG	2023-06-05 17:57:55				4000	2252	Galaxy S23 Ultra	
P1056	в рамках путешествий/1082.JPG	2023-06-05 18:07:14				4000	2252	Galaxy S23 Ultra	
P1057	в рамках путешествий/1083.JPG	2023-06-05 18:08:06				4000	2252	Galaxy S23 Ultra	
P1058	в рамках путешествий/1084.JPG	2023-06-05 18:08:16				4000	2252	Galaxy S23 Ultra	
P1059	в рамках путешествий/1085.JPG	2023-06-05 18:08:33				4000	2252	Galaxy S23 Ultra	
P1060	в рамках путешествий/1086.JPG	2023-06-05 18:09:44				4000	2252	Galaxy S23 Ultra	
P1061	в рамках путешествий/1087.JPG	2023-06-05 18:09:53				4000	2252	Galaxy S23 Ultra	
P1062	в рамках путешествий/1088.JPG	2023-06-05 18:10:20				4000	2252	Galaxy S23 Ultra	
P1063	в рамках путешествий/1089.JPG	2023-06-05 18:10:24				4000	2252	Galaxy S23 Ultra	
P1064	в рамках путешествий/1090.JPG	2023-06-05 18:10:28				4000	2252	Galaxy S23 Ultra	
P1065	в рамках путешествий/1091.JPG	2023-06-05 19:04:54				4000	2252	Galaxy S23 Ultra	
P1066	в рамках путешествий/1092.JPG	2023-06-05 19:04:56				4000	2252	Galaxy S23 Ultra	
P1067	в рамках путешествий/1093.JPG	2023-06-05 19:06:23				4000	2252	Galaxy S23 Ultra	
P1068	в рамках путешествий/1094.JPG	2023-06-05 19:28:53				4000	2252	Galaxy S23 Ultra	
P1069	месяц в Питере/день ВМФ/01.JPG	2023-07-29 18:11:56	59.95613	30.33656	0	4000	2252	Galaxy S23 Ultra	
P1070	месяц в Питере/день ВМФ/02.JPG	2023-07-29 18:13:33	59.95543	30.33721	0	4000	2252	Galaxy S23 Ultra	
P1071	месяц в Питере/день ВМФ/03.JPG	2023-07-29 18:13:38	59.95543	30.33721	0	4000	2252	Galaxy S23 Ultra	
P1072	месяц в Питере/день ВМФ/04.JPG	2023-07-29 18:35:48	59.95791	30.33764	17	4000	2252	Galaxy S23 Ultra	
P1073	месяц в Питере/день ВМФ/05.JPG	2023-07-29 18:35:52	59.95789	30.33766	0	4000	2252	Galaxy S23 Ultra	
P1074	месяц в Питере/день ВМФ/06.JPG	2023-07-29 18:35:56	59.95789	30.33766	0	4000	2252	Galaxy S23 Ultra	
P1075	месяц в Питере/день ВМФ/07.JPG	2023-07-29 18:36:56	59.95785	30.33891	7	4000	2252	Galaxy S23 Ultra	
P1076	месяц в Питере/день ВМФ/08.JPG	2023-07-29 18:37:02	59.95789	30.33892	0	4000	2252	Galaxy S23 Ultra	
P1077	месяц в Питере/день ВМФ/09.JPG	2023-07-29 18:37:05	59.95789	30.33892	0	4000	2252	Galaxy S23 Ultra	
P1078	месяц в Питере/день ВМФ/10.JPG	2023-07-29 18:37:07	59.95789	30.33892	0	4000	2252	Galaxy S23 Ultra	
P1079	месяц в Питере/день ВМФ/11.JPG	2023-07-29 19:45:49	59.95507	30.35503	16	4000	2252	Galaxy S23 Ultra	
P1080	месяц в Питере/день ВМФ/12.JPG	2023-07-30 12:49:19	59.94456	30.2832	25	4000	2252	Galaxy S23 Ultra	
P1081	месяц в Питере/день ВМФ/13.JPG	2023-07-30 12:49:21	59.94456	30.2832	25	4000	2252	Galaxy S23 Ultra	
P1082	месяц в Питере/день ВМФ/14.JPG	2023-07-30 12:49:23	59.94456	30.2832	25	4000	2252	Galaxy S23 Ultra	
P1083	месяц в Питере/день ВМФ/15.JPG	2023-07-30 13:07:01	59.93654	30.28956	0	4000	2252	Galaxy S23 Ultra	
P1084	месяц в Питере/день ВМФ/16.JPG	2023-07-30 13:07:05	59.93654	30.28956	0	4000	2252	Galaxy S23 Ultra	
P1085	месяц в Питере/день ВМФ/17.JPG	2023-07-30 13:07:07	59.93654	30.28956	0	4000	2252	Galaxy S23 Ultra	
P1086	месяц в Питере/день ВМФ/18.JPG	2023-07-30 13:07:09	59.93654	30.28956	0	4000	2252	Galaxy S23 Ultra	
P1087	месяц в Питере/день ВМФ/19.JPG	2023-07-30 13:07:11	59.93654	30.28956	0	4000	2252	Galaxy S23 Ultra	
P1088	месяц в Питере/день ВМФ/20.JPG	2023-07-30 13:08:14	59.94083	30.30573	21	4000	2252	Galaxy S23 Ultra	
P1089	месяц в Питере/день ВМФ/21.JPG	2023-07-30 13:09:50	59.94157	30.30531	19	4000	2252	Galaxy S23 Ultra	
P1090	месяц в Питере/день ВМФ/22.JPG	2023-07-30 13:09:52	59.94157	30.30531	19	4000	2252	Galaxy S23 Ultra	
P1091	месяц в Питере/день ВМФ/23.JPG	2023-07-30 13:20:43	59.94206	30.30705	20	4000	2252	Galaxy S23 Ultra	
P1092	месяц в Питере/день ВМФ/24.JPG	2023-07-30 13:20:49	59.94207	30.30705	23	4000	2252	Galaxy S23 Ultra	
P1093	месяц в Питере/день ВМФ/25.JPG	2023-07-30 13:20:51	59.94207	30.30705	23	4000	2252	Galaxy S23 Ultra	
P1094	месяц в Питере/день ВМФ/26.JPG	2023-07-30 13:23:08	59.9412	30.30839	32	4000	2252	Galaxy S23 Ultra	
P1095	месяц в Питере/день ВМФ/27.JPG	2023-07-30 13:23:11	59.94119	30.30839	31	4000	2252	Galaxy S23 Ultra	
P1096	месяц в Питере/день ВМФ/28.JPG	2023-07-30 13:25:01	59.94069	30.30888	41	4000	2252	Galaxy S23 Ultra	
P1097	месяц в Питере/день ВМФ/29.JPG	2023-07-30 13:25:03	59.94067	30.30893	34	4000	2252	Galaxy S23 Ultra	
P1098	месяц в Питере/день ВМФ/30.JPG	2023-07-30 13:25:18	59.94065	30.30894	30	4000	2252	Galaxy S23 Ultra	
P1099	месяц в Питере/день ВМФ/31.JPG	2023-07-30 13:25:19	59.94065	30.30893	31	4000	2252	Galaxy S23 Ultra	
P1100	месяц в Питере/день ВМФ/32.JPG	2023-07-30 13:29:52	59.94163	30.31352	26	4000	2252	Galaxy S23 Ultra	
P1101	месяц в Питере/день ВМФ/33.JPG	2023-07-30 13:29:55	59.94163	30.31352	26	4000	2252	Galaxy S23 Ultra	
P1102	месяц в Питере/день ВМФ/34.JPG	2023-07-30 14:28:01	59.94452	30.32152	0	4000	2252	Galaxy S23 Ultra	
P1103	месяц в Питере/день ВМФ/35.JPG	2023-07-30 14:38:05	59.94716	30.32595	20	4000	2252	Galaxy S23 Ultra	
P1104	месяц в Питере/день ВМФ/36.JPG	2023-07-30 14:38:13	59.9472	30.32605	21	4000	3000	Galaxy S23 Ultra	
P1105	месяц в Питере/день ВМФ/37.JPG	2023-07-30 14:38:18	59.9472	30.32605	21	4000	3000	Galaxy S23 Ultra	
P1106	месяц в Питере/день ВМФ/38.JPG	2023-07-30 14:38:38	59.9472	30.32605	21	4000	2252	Galaxy S23 Ultra	
P1107	месяц в Питере/день ВМФ/39.JPG	2023-07-30 14:43:34	59.94979	30.33806	0	4000	2252	Galaxy S23 Ultra	
P1108	месяц в Питере/день ВМФ/40.JPG	2023-07-30 14:43:36	59.94979	30.33809	0	4000	2252	Galaxy S23 Ultra	
P1109	месяц в Питере/день ВМФ/41.JPG	2023-07-30 14:48:07	59.95126	30.34643	21	4000	2252	Galaxy S23 Ultra	
P1110	месяц в Питере/день ВМФ/42.JPG	2023-07-30 14:50:58	59.95121	30.35258	22	4000	2252	Galaxy S23 Ultra	
P1111	месяц в Питере/день ВМФ/43.JPG	2023-07-30 14:51:01	59.9512	30.35262	21	4000	2252	Galaxy S23 Ultra	
P1112	месяц в Питере/день ВМФ/44.JPG	2023-07-30 14:58:25	59.95513	30.33993	20	4000	2252	Galaxy S23 Ultra	
P1113	месяц в Питере/день ВМФ/45.JPG	2023-07-30 14:58:39	59.95503	30.33961	21	4000	3000	Galaxy S23 Ultra	
P1114	месяц в Питере/день ВМФ/46.JPG	2023-07-30 14:58:40	59.95503	30.33961	0	4000	3000	Galaxy S23 Ultra	
P1115	месяц в Питере/день ВМФ/47.JPG	2023-07-30 14:58:44	59.95495	30.33955	22	4000	3000	Galaxy S23 Ultra	
P1116	месяц в Питере/день ВМФ/48.JPG	2023-07-30 14:58:46	59.95495	30.33955	22	4000	3000	Galaxy S23 Ultra	
P1117	месяц в Питере/день ВМФ/49.JPG	2023-07-30 14:58:47	59.95491	30.3395	21	4000	3000	Galaxy S23 Ultra	
P1118	месяц в Питере/день ВМФ/50.JPG	2023-07-30 14:58:59	59.95467	30.33937	21	4000	2252	Galaxy S23 Ultra	
P1119	месяц в Питере/день ВМФ/51.JPG	2023-07-30 14:59:03	59.95464	30.33935	22	4000	2252	Galaxy S23 Ultra	
P1120	месяц в Питере/день ВМФ/52.JPG	2023-07-30 14:59:04	59.95464	30.33935	22	4000	2252	Galaxy S23 Ultra	
P1121	месяц в Питере/день ВМФ/53.JPG	2023-07-30 15:08:14	59.94464	30.31727	21	4000	2252	Galaxy S23 Ultra	
P1122	месяц в Питере/день ВМФ/55.JPG	2023-07-30 15:08:43	59.94464	30.31727	21	4000	2252	Galaxy S23 Ultra	
P1123	месяц в Питере/день ВМФ/56.JPG	2023-07-30 15:08:55	59.94464	30.31727	21	3392	2544	Galaxy S23 Ultra	
P1124	месяц в Питере/день ВМФ/57.JPG	2023-07-30 15:09:02	59.94362	30.31442	24	4000	2252	Galaxy S23 Ultra	
P1125	месяц в Питере/день ВМФ/58.JPG	2023-07-30 15:10:04	59.94271	30.31205	25	4000	2252	Galaxy S23 Ultra	
P1126	месяц в Питере/день ВМФ/59.JPG	2023-07-30 15:10:08	59.94269	30.31202	25	4000	2252	Galaxy S23 Ultra	
P1127	месяц в Питере/день ВМФ/60.JPG	2023-07-30 15:10:59	59.94219	30.31076	25	4000	2252	Galaxy S23 Ultra	
P1128	месяц в Питере/день ВМФ/61.JPG	2023-07-30 15:11:02	59.94219	30.31076	25	4000	2252	Galaxy S23 Ultra	
P1129	месяц в Питере/день ВМФ/62.JPG	2023-07-30 15:11:41	59.94134	30.30867	25	4000	2252	Galaxy S23 Ultra	
P1130	месяц в Питере/день ВМФ/63.JPG	2023-07-30 15:11:43	59.94134	30.30867	25	4000	2252	Galaxy S23 Ultra	
P1131	месяц в Питере/день ВМФ/65.JPG	2023-07-30 15:12:35	59.94045	30.30631	24	4000	2252	Galaxy S23 Ultra	
P1132	месяц в Питере/день ВМФ/66.JPG	2023-07-30 15:13:58	59.93887	30.3025	17	4000	2252	Galaxy S23 Ultra	
P1133	месяц в Питере/день ВМФ/67.JPG	2023-07-30 15:14:01	59.93885	30.30243	23	4000	2252	Galaxy S23 Ultra	
P1134	месяц в Питере/день ВМФ/68.JPG	2023-07-30 15:14:13	59.9388	30.3023	0	4000	2252	Galaxy S23 Ultra	
P1135	месяц в Питере/день ВМФ/69.JPG	2023-07-30 15:14:16	59.9388	30.3023	0	4000	2252	Galaxy S23 Ultra	
P1136	месяц в Питере/день ВМФ/70.JPG	2023-07-30 15:14:25	59.9388	30.3023	0	4000	2252	Galaxy S23 Ultra	
P1137	месяц в Питере/день ВМФ/72.JPG	2023-07-30 15:16:23	59.93673	30.29659	24	4000	2252	Galaxy S23 Ultra	
P1138	месяц в Питере/день ВМФ/73.JPG	2023-07-30 15:16:25	59.93673	30.29659	24	4000	2252	Galaxy S23 Ultra	
P1139	месяц в Питере/день ВМФ/74.JPG	2023-07-30 15:16:38	59.93651	30.29562	0	4000	2252	Galaxy S23 Ultra	
P1140	месяц в Питере/день ВМФ/75.JPG	2023-07-30 15:16:41	59.93651	30.29562	0	4000	2252	Galaxy S23 Ultra	
P1141	месяц в Питере/день ВМФ/76.JPG	2023-07-30 15:17:15	59.93611	30.29423	24	4000	2252	Galaxy S23 Ultra	
P1142	месяц в Питере/день ВМФ/77.JPG	2023-07-30 15:17:37	59.93578	30.29391	24	4000	2252	Galaxy S23 Ultra	
P1143	месяц в Питере/день ВМФ/78.JPG	2023-07-30 15:17:39	59.93578	30.29391	24	4000	2252	Galaxy S23 Ultra	
P1144	месяц в Питере/день ВМФ/79.JPG	2023-07-30 15:17:50	59.93578	30.29391	24	4000	2252	Galaxy S23 Ultra	
P1145	месяц в Питере/день ВМФ/80.JPG	2023-07-30 15:18:29	59.93541	30.29444	23	4000	2252	Galaxy S23 Ultra	
P1146	месяц в Питере/день ВМФ/81.JPG	2023-07-30 15:18:32	59.93541	30.29444	23	4000	2252	Galaxy S23 Ultra	
P1147	месяц в Питере/день ВМФ/82.JPG	2023-07-30 15:18:36	59.93541	30.29444	23	4000	2252	Galaxy S23 Ultra	
P1148	месяц в Питере/день ВМФ/84.JPG	2023-07-30 15:21:32	59.93747	30.30002	22	4000	2252	Galaxy S23 Ultra	
P1149	месяц в Питере/день ВМФ/85.JPG	2023-07-30 15:21:42	59.93755	30.30035	0	4000	3000	Galaxy S23 Ultra	
P1150	месяц в Питере/день ВМФ/86.JPG	2023-07-30 15:21:45	59.93758	30.30041	21	4000	3000	Galaxy S23 Ultra	
P1151	месяц в Питере/день ВМФ/87.JPG	2023-07-30 15:31:01	59.94239	30.31306	22	4000	2252	Galaxy S23 Ultra	
P1152	месяц в Питере/день ВМФ/88.JPG	2023-07-30 15:31:06	59.94242	30.31311	26	4000	2252	Galaxy S23 Ultra	
P1153	месяц в Питере/житуха в квартире/01.JPG	2023-07-08 17:52:22	60.05095	30.44827	40	4000	2252	Galaxy S23 Ultra	
P1154	месяц в Питере/житуха в квартире/02.JPG	2023-07-08 19:53:26	60.05096	30.44978	41	4000	2252	Galaxy S23 Ultra	
P1155	месяц в Питере/житуха в квартире/03.JPG	2023-07-08 20:25:34	60.05098	30.44819	52	4000	2252	Galaxy S23 Ultra	
P1156	месяц в Питере/житуха в квартире/04.JPG	2023-07-08 20:25:42	60.05098	30.44819	52	4000	2252	Galaxy S23 Ultra	
P1157	месяц в Питере/житуха в квартире/05.JPG	2023-07-08 20:25:57	60.05098	30.44819	52	4000	2252	Galaxy S23 Ultra	
P1158	месяц в Питере/житуха в квартире/06.JPG	2023-07-08 20:26:03	60.05101	30.44839	53	4000	2252	Galaxy S23 Ultra	
P1159	месяц в Питере/житуха в квартире/07.JPG	2023-07-08 20:27:06	60.05094	30.44827	78	4000	2252	Galaxy S23 Ultra	
P1160	месяц в Питере/житуха в квартире/08.JPG	2023-07-08 20:59:53	60.05097	30.44831	40	4000	2252	Galaxy S23 Ultra	
P1161	месяц в Питере/житуха в квартире/09.JPG	2023-07-08 20:59:57	60.05097	30.44831	40	4000	2252	Galaxy S23 Ultra	
P1162	месяц в Питере/житуха в квартире/10.JPG	2023-07-08 21:00:02	60.05097	30.44831	40	4000	2252	Galaxy S23 Ultra	
P1163	месяц в Питере/житуха в квартире/158.JPG	2023-08-04 11:07:41	60.05102	30.44841	49	4000	2252	Galaxy S23 Ultra	
P1164	месяц в Питере/Ленинградский зоопарк/02.JPG	2023-07-23 18:15:35	59.95191	30.30672	21	4000	2252	Galaxy S23 Ultra	
P1165	месяц в Питере/Ленинградский зоопарк/03.JPG	2023-07-23 18:17:31	59.95198	30.30673	0	4000	2252	Galaxy S23 Ultra	
P1166	месяц в Питере/Ленинградский зоопарк/05.JPG	2023-07-23 18:29:05	59.9513	30.30387	24	4000	2252	Galaxy S23 Ultra	
P1167	месяц в Питере/Ленинградский зоопарк/06.JPG	2023-07-23 18:29:09	59.9513	30.30387	24	4000	2252	Galaxy S23 Ultra	
P1168	месяц в Питере/Ленинградский зоопарк/07.JPG	2023-07-23 18:29:17	59.9513	30.30387	24	4000	2252	Galaxy S23 Ultra	
P1169	месяц в Питере/Ленинградский зоопарк/08.JPG	2023-07-23 18:31:57	59.95219	30.30676	26	4000	2252	Galaxy S23 Ultra	
P1170	месяц в Питере/Ленинградский зоопарк/09.JPG	2023-07-23 18:36:47	59.9513	30.30387	0	4000	2252	Galaxy S23 Ultra	
P1171	месяц в Питере/Ленинградский зоопарк/10.JPG	2023-07-23 18:43:47	59.95081	30.30829	21	4000	2252	Galaxy S23 Ultra	
P1172	месяц в Питере/Ленинградский зоопарк/11.JPG	2023-07-23 18:45:34	59.95085	30.30889	19	4000	2252	Galaxy S23 Ultra	
P1173	месяц в Питере/Ленинградский зоопарк/13.JPG	2023-07-23 19:32:08	59.95219	30.30798	24	4000	2252	Galaxy S23 Ultra	
P1174	месяц в Питере/Ленинградский зоопарк/14.JPG	2023-07-23 19:33:58	59.95187	30.30854	19	4000	2252	Galaxy S23 Ultra	
P1175	месяц в Питере/Ленинградский зоопарк/15.JPG	2023-07-23 19:34:11	59.95187	30.30854	19	4000	2252	Galaxy S23 Ultra	
P1176	месяц в Питере/Ленинградский зоопарк/16.JPG	2023-07-23 19:38:00	59.95262	30.30896	22	4000	2252	Galaxy S23 Ultra	
P1177	месяц в Питере/Ленинградский зоопарк/17.JPG	2023-07-23 19:38:33	59.95262	30.3088	26	4000	2252	Galaxy S23 Ultra	
P1178	месяц в Питере/Мариинка/01.JPG	2023-07-27 19:03:13	59.92516	30.29442	22	4000	2252	Galaxy S23 Ultra	
P1179	месяц в Питере/Мариинка/02.JPG	2023-07-27 19:03:16	59.92516	30.29442	22	4000	2252	Galaxy S23 Ultra	
P1180	месяц в Питере/Мариинка/03.JPG	2023-07-27 19:04:06	59.92515	30.29443	18	4000	2252	Galaxy S23 Ultra	
P1181	месяц в Питере/Мариинка/04.JPG	2023-07-27 19:04:09	59.92515	30.29443	18	4000	2252	Galaxy S23 Ultra	
P1182	месяц в Питере/Мариинка/05.JPG	2023-07-27 19:04:11	59.92515	30.29443	18	4000	2252	Galaxy S23 Ultra	
P1183	месяц в Питере/Мариинка/07.JPG	2023-07-27 19:05:35	59.92514	30.29449	22	4000	2252	Galaxy S23 Ultra	
P1184	месяц в Питере/Мариинка/08.JPG	2023-07-27 19:05:41	59.92514	30.29449	22	4000	3000	Galaxy S23 Ultra	
P1185	месяц в Питере/Мариинка/09.JPG	2023-07-27 19:05:43	59.92514	30.29449	22	4000	3000	Galaxy S23 Ultra	
P1186	месяц в Питере/Мариинка/10.JPG	2023-07-27 19:05:45	59.92514	30.29449	22	4000	3000	Galaxy S23 Ultra	
P1187	месяц в Питере/Мариинка/11.JPG	2023-07-27 19:06:00	59.92514	30.29449	22	4000	2252	Galaxy S23 Ultra	
P1188	месяц в Питере/Мариинка/12.JPG	2023-07-27 19:06:15	59.92517	30.29441	22	4000	2252	Galaxy S23 Ultra	
P1189	месяц в Питере/Мариинка/13.JPG	2023-07-27 22:00:40	59.92516	30.29449	22	4000	2252	Galaxy S23 Ultra	
P1190	месяц в Питере/прогулка по городу/001.JPG	2023-07-15 11:47:37	59.93836	30.31745	0	4000	2252	Galaxy S23 Ultra	
P1191	месяц в Питере/прогулка по городу/002.JPG	2023-07-15 11:47:40	59.93846	30.31746	0	4000	2252	Galaxy S23 Ultra	
P1192	месяц в Питере/прогулка по городу/003.JPG	2023-07-15 21:10:07	59.93869	30.3141	27	4000	2252	Galaxy S23 Ultra	
P1193	месяц в Питере/прогулка по городу/004.JPG	2023-07-15 21:27:38	59.94149	30.30806	23	4000	2252	Galaxy S23 Ultra	
P1194	месяц в Питере/прогулка по городу/005.JPG	2023-07-15 21:27:40	59.94149	30.30805	27	4000	2252	Galaxy S23 Ultra	
P1195	месяц в Питере/прогулка по городу/006.JPG	2023-07-15 21:27:42	59.94149	30.30805	27	4000	2252	Galaxy S23 Ultra	
P1196	месяц в Питере/прогулка по городу/007.JPG	2023-07-15 21:27:45	59.94149	30.30805	27	4000	2252	Galaxy S23 Ultra	
P1197	месяц в Питере/прогулка по городу/008.JPG	2023-07-15 21:27:47	59.94149	30.30805	27	4000	2252	Galaxy S23 Ultra	
P1198	месяц в Питере/прогулка по городу/009.JPG	2023-07-15 21:28:00	59.94149	30.30805	27	4000	2252	Galaxy S23 Ultra	
P1199	месяц в Питере/прогулка по городу/010.JPG	2023-07-15 21:32:55	59.94291	30.30714	25	4000	2252	Galaxy S23 Ultra	
P1200	месяц в Питере/прогулка по городу/011.JPG	2023-07-15 21:32:58	59.94291	30.30715	25	4000	2252	Galaxy S23 Ultra	
P1201	месяц в Питере/прогулка по городу/012.JPG	2023-07-15 21:34:05	59.94327	30.30704	24	4000	2252	Galaxy S23 Ultra	
P1202	месяц в Питере/прогулка по городу/013.JPG	2023-07-15 21:35:30	59.94351	30.30723	0	4000	2252	Galaxy S23 Ultra	
P1203	месяц в Питере/прогулка по городу/014.JPG	2023-07-15 21:35:32	59.9435	30.30724	23	4000	2252	Galaxy S23 Ultra	
P1204	месяц в Питере/прогулка по городу/015.JPG	2023-07-15 21:54:17	59.94433	30.30447	23	4000	2252	Galaxy S23 Ultra	
P1205	месяц в Питере/прогулка по городу/016.JPG	2023-07-18 19:05:45	60.0516	30.44903	42	4000	2252	Galaxy S23 Ultra	
P1206	месяц в Питере/прогулка по городу/017.JPG	2023-07-18 19:05:55	60.0516	30.44902	42	4000	2252	Galaxy S23 Ultra	
P1207	месяц в Питере/прогулка по городу/018.JPG	2023-07-20 19:12:38	59.93075	30.29067	0	4000	2252	Galaxy S23 Ultra	
P1208	месяц в Питере/прогулка по городу/019.JPG	2023-07-20 21:08:10	59.93077	30.29134	21	4000	2252	Galaxy S23 Ultra	
P1209	месяц в Питере/прогулка по городу/024.JPG	2023-07-22 15:00:55	59.93434	30.27167	0	4000	2252	Galaxy S23 Ultra	
P1210	месяц в Питере/прогулка по городу/025.JPG	2023-07-22 15:19:31	59.93332	30.27632	0	4000	2252	Galaxy S23 Ultra	
P1211	месяц в Питере/прогулка по городу/027.JPG	2023-07-22 15:19:51	59.93332	30.27632	0	4000	2252	Galaxy S23 Ultra	
P1212	месяц в Питере/прогулка по городу/028.JPG	2023-07-22 15:20:00	59.93332	30.27632	0	4000	2252	Galaxy S23 Ultra	
P1213	месяц в Питере/прогулка по городу/029.JPG	2023-07-22 15:23:27	59.93187	30.27395	0	4000	2252	Galaxy S23 Ultra	
P1214	месяц в Питере/прогулка по городу/030.JPG	2023-07-22 15:38:24	59.92884	30.26791	0	4000	2252	Galaxy S23 Ultra	
P1215	месяц в Питере/прогулка по городу/033.JPG	2023-07-22 16:48:46	59.92191	30.24788	0	4000	2252	Galaxy S23 Ultra	
P1216	месяц в Питере/прогулка по городу/034.JPG	2023-07-22 16:48:49	59.92191	30.24789	0	4000	2252	Galaxy S23 Ultra	
P1217	месяц в Питере/прогулка по городу/035.JPG	2023-07-22 16:48:53	59.9219	30.24789	0	4000	2252	Galaxy S23 Ultra	
P1218	месяц в Питере/прогулка по городу/036.JPG	2023-07-22 16:49:01	59.9219	30.24789	0	4000	2252	Galaxy S23 Ultra	
P1219	месяц в Питере/прогулка по городу/037.JPG	2023-07-22 16:49:05	59.9219	30.24789	0	4000	2252	Galaxy S23 Ultra	
P1220	месяц в Питере/прогулка по городу/038.JPG	2023-07-22 16:49:13	59.9219	30.24789	0	4000	2252	Galaxy S23 Ultra	
P1221	месяц в Питере/прогулка по городу/039.JPG	2023-07-22 16:55:21	59.92235	30.24949	41	4000	2252	Galaxy S23 Ultra	
P1222	месяц в Питере/прогулка по городу/040.JPG	2023-07-22 17:09:34	59.9244	30.23956	0	4000	2252	Galaxy S23 Ultra	
P1223	месяц в Питере/прогулка по городу/041.JPG	2023-07-22 17:09:52	59.92439	30.23945	0	4000	2252	Galaxy S23 Ultra	
P1224	месяц в Питере/прогулка по городу/042.JPG	2023-07-22 18:17:42	59.93515	30.30766	21	4000	2252	Galaxy S23 Ultra	
P1225	месяц в Питере/прогулка по городу/043.JPG	2023-07-22 18:17:49	59.93515	30.30766	21	4000	2252	Galaxy S23 Ultra	
P1226	месяц в Питере/прогулка по городу/044.JPG	2023-07-22 18:17:59	59.93515	30.30766	21	4000	2252	Galaxy S23 Ultra	
P1227	месяц в Питере/прогулка по городу/045.JPG	2023-07-22 18:22:29	59.93614	30.30399	0	4000	2252	Galaxy S23 Ultra	
P1228	месяц в Питере/прогулка по городу/046.JPG	2023-07-22 18:22:32	59.93614	30.30399	0	4000	2252	Galaxy S23 Ultra	
P1229	месяц в Питере/прогулка по городу/047.JPG	2023-07-22 18:22:49	59.93614	30.30399	0	4000	2252	Galaxy S23 Ultra	
P1230	месяц в Питере/прогулка по городу/048.JPG	2023-07-22 18:24:41	59.93614	30.30399	20	4000	2252	Galaxy S23 Ultra	
P1231	месяц в Питере/прогулка по городу/049.JPG	2023-07-22 18:24:50	59.93614	30.30399	20	4000	2252	Galaxy S23 Ultra	
P1232	месяц в Питере/прогулка по городу/050.JPG	2023-07-22 18:25:19	59.93614	30.30399	20	4000	2252	Galaxy S23 Ultra	
P1233	месяц в Питере/прогулка по городу/051.JPG	2023-07-22 18:33:20	59.93428	30.30342	23	4000	2252	Galaxy S23 Ultra	
P1234	месяц в Питере/прогулка по городу/052.JPG	2023-07-22 18:33:37	59.93428	30.30342	23	4000	2252	Galaxy S23 Ultra	
P1235	месяц в Питере/прогулка по городу/053.JPG	2023-07-22 18:33:39	59.93428	30.30342	23	4000	2252	Galaxy S23 Ultra	
P1236	месяц в Питере/прогулка по городу/054.JPG	2023-07-22 18:38:01	59.93279	30.30726	14	4000	2252	Galaxy S23 Ultra	
P1237	месяц в Питере/прогулка по городу/055.JPG	2023-07-22 18:38:04	59.93285	30.30729	0	4000	2252	Galaxy S23 Ultra	
P1238	месяц в Питере/прогулка по городу/056.JPG	2023-07-22 18:38:08	59.93286	30.30729	0	4000	2252	Galaxy S23 Ultra	
P1239	месяц в Питере/прогулка по городу/057.JPG	2023-07-22 18:38:20	59.93286	30.30729	0	4000	2252	Galaxy S23 Ultra	
P1240	месяц в Питере/прогулка по городу/058.JPG	2023-07-22 18:38:24	59.93286	30.30729	0	4000	2252	Galaxy S23 Ultra	
P1241	месяц в Питере/прогулка по городу/059.JPG	2023-07-22 18:40:09	59.93235	30.30695	20	4000	2252	Galaxy S23 Ultra	
P1242	месяц в Питере/прогулка по городу/060.JPG	2023-07-22 18:40:12	59.93235	30.30695	20	4000	2252	Galaxy S23 Ultra	
P1243	месяц в Питере/прогулка по городу/061.JPG	2023-07-22 18:40:15	59.93235	30.30695	20	4000	2252	Galaxy S23 Ultra	
P1244	месяц в Питере/прогулка по городу/062.JPG	2023-07-23 20:19:47	59.95812	30.32031	20	4000	2252	Galaxy S23 Ultra	
P1245	месяц в Питере/прогулка по городу/063.JPG	2023-07-23 20:43:03	59.95667	30.3197	22	4000	2252	Galaxy S23 Ultra	
P1246	месяц в Питере/прогулка по городу/064.JPG	2023-07-23 21:08:46	59.95085	30.31362	43	4000	2252	Galaxy S23 Ultra	
P1247	месяц в Питере/прогулка по городу/065.JPG	2023-07-23 21:14:53	59.94876	30.30679	19	4000	2252	Galaxy S23 Ultra	
P1248	месяц в Питере/прогулка по городу/066.JPG	2023-07-23 21:14:54	59.94876	30.30679	19	4000	2252	Galaxy S23 Ultra	
P1249	месяц в Питере/прогулка по городу/067.JPG	2023-07-23 21:21:13	59.94806	30.31119	19	4000	2252	Galaxy S23 Ultra	
P1250	месяц в Питере/прогулка по городу/068.JPG	2023-07-23 21:21:14	59.94806	30.31119	19	4000	2252	Galaxy S23 Ultra	
P1251	месяц в Питере/прогулка по городу/069.JPG	2023-07-23 21:21:28	59.94806	30.31119	19	4000	2252	Galaxy S23 Ultra	
P1252	месяц в Питере/прогулка по городу/070.JPG	2023-07-23 21:21:29	59.94806	30.31119	19	4000	2252	Galaxy S23 Ultra	
P1253	месяц в Питере/прогулка по городу/071.JPG	2023-07-23 21:21:29	59.94806	30.31119	19	4000	2252	Galaxy S23 Ultra	
P1254	месяц в Питере/прогулка по городу/072.JPG	2023-07-23 21:25:01	59.95341	30.30853	17	4000	2252	Galaxy S23 Ultra	
P1255	месяц в Питере/прогулка по городу/073.JPG	2023-07-23 21:25:03	59.95341	30.30853	17	4000	2252	Galaxy S23 Ultra	
P1256	месяц в Питере/прогулка по городу/074.JPG	2023-07-23 21:25:06	59.95341	30.30853	17	4000	2252	Galaxy S23 Ultra	
P1257	месяц в Питере/прогулка по городу/075.JPG	2023-07-23 21:25:13	59.95341	30.30853	17	4000	3000	Galaxy S23 Ultra	
P1258	месяц в Питере/прогулка по городу/076.JPG	2023-07-23 21:25:14	59.95341	30.30853	17	3392	2544	Galaxy S23 Ultra	
P1259	месяц в Питере/прогулка по городу/077.JPG	2023-07-23 21:29:12	59.94918	30.30753	21	4000	2252	Galaxy S23 Ultra	
P1260	месяц в Питере/прогулка по городу/078.JPG	2023-07-23 21:29:16	59.94918	30.30753	21	4000	2252	Galaxy S23 Ultra	
P1261	месяц в Питере/прогулка по городу/079.JPG	2023-07-23 21:36:27	59.94801	30.30496	25	4000	2252	Galaxy S23 Ultra	
P1262	месяц в Питере/прогулка по городу/080.JPG	2023-07-23 21:36:28	59.94801	30.30496	25	4000	2252	Galaxy S23 Ultra	
P1263	месяц в Питере/прогулка по городу/081.JPG	2023-07-27 18:15:27	59.90082	30.27453	18	4000	2252	Galaxy S23 Ultra	
P1264	месяц в Питере/прогулка по городу/082.JPG	2023-07-27 18:36:51	59.92578	30.29365	14	4000	2252	Galaxy S23 Ultra	
P1265	месяц в Питере/прогулка по городу/083.JPG	2023-07-27 18:36:53	59.92578	30.29366	14	4000	2252	Galaxy S23 Ultra	
P1266	месяц в Питере/прогулка по городу/084.JPG	2023-07-27 18:36:55	59.92578	30.29366	14	4000	2252	Galaxy S23 Ultra	
P1267	месяц в Питере/прогулка по городу/085.JPG	2023-07-27 18:36:59	59.92578	30.29366	14	4000	2252	Galaxy S23 Ultra	
P1268	месяц в Питере/прогулка по городу/086.JPG	2023-07-27 18:56:19	59.92572	30.29452	33	4000	2252	Galaxy S23 Ultra	
P1269	месяц в Питере/прогулка по городу/087.JPG	2023-07-27 18:56:22	59.92572	30.29452	33	4000	2252	Galaxy S23 Ultra	
P1270	месяц в Питере/прогулка по городу/088.JPG	2023-07-27 22:09:22	59.92633	30.2957	0	4000	2252	Galaxy S23 Ultra	
P1271	месяц в Питере/прогулка по городу/089.JPG	2023-07-27 22:09:23	59.92631	30.29575	20	4000	2252	Galaxy S23 Ultra	
P1272	месяц в Питере/прогулка по городу/090.JPG	2023-07-27 22:09:26	59.92631	30.29575	20	4000	2252	Galaxy S23 Ultra	
P1273	месяц в Питере/прогулка по городу/091.JPG	2023-07-29 17:47:21	59.947	30.32915	0	4000	2252	Galaxy S23 Ultra	
P1274	месяц в Питере/прогулка по городу/092.JPG	2023-07-29 17:53:40	59.95172	30.3254	0	4000	2252	Galaxy S23 Ultra	
P1275	месяц в Питере/прогулка по городу/094.JPG	2023-07-29 18:07:22	59.95765	30.33353	0	4000	2252	Galaxy S23 Ultra	
P1276	месяц в Питере/прогулка по городу/095.JPG	2023-07-29 18:07:26	59.95765	30.33353	0	4000	2252	Galaxy S23 Ultra	
P1277	месяц в Питере/прогулка по городу/096.JPG	2023-07-29 18:07:31	59.95765	30.33353	0	4000	2252	Galaxy S23 Ultra	
P1278	месяц в Питере/прогулка по городу/097.JPG	2023-07-30 16:13:02	59.93081	30.30833	0	4000	2252	Galaxy S23 Ultra	
P1279	месяц в Питере/прогулка по городу/098.JPG	2023-08-03 22:11:55	59.93143	30.25704	24	4000	2252	Galaxy S23 Ultra	
P1280	месяц в Питере/прогулка по городу/099.JPG	2023-08-03 22:31:08	59.92295	30.29967	26	4000	2252	Galaxy S23 Ultra	
P1281	месяц в Питере/прогулка по городу/100.JPG	2023-08-03 22:31:15	59.92295	30.29967	26	4000	2252	Galaxy S23 Ultra	
P1282	месяц в Питере/прогулка по городу/102.JPG	2023-08-03 22:56:17	59.91714	30.29685	19	4000	2252	Galaxy S23 Ultra	
P1283	месяц в Питере/прогулка по городу/103.JPG	2023-08-03 23:03:54	59.91612	30.30438	23	4000	2252	Galaxy S23 Ultra	
P1284	месяц в Питере/прогулка по городу/104.JPG	2023-08-03 23:04:29	59.91611	30.30508	23	4000	2252	Galaxy S23 Ultra	
P1285	месяц в Питере/прогулка по городу/105.JPG	2023-08-03 23:04:33	59.91611	30.30508	23	4000	2252	Galaxy S23 Ultra	
P1286	месяц в Питере/прогулка по городу/106.JPG	2023-08-03 23:05:03	59.91609	30.30574	25	4000	2252	Galaxy S23 Ultra	
P1287	месяц в Питере/прогулка по городу/107.JPG	2023-08-03 23:05:14	59.91609	30.30574	25	4000	2252	Galaxy S23 Ultra	
P1288	месяц в Питере/прогулка по городу/108.JPG	2023-08-03 23:05:17	59.91609	30.30574	25	4000	2252	Galaxy S23 Ultra	
P1289	месяц в Питере/прогулка по городу/109.JPG	2023-08-03 23:05:22	59.91609	30.30574	25	4000	2252	Galaxy S23 Ultra	
P1290	месяц в Питере/прогулка по городу/110.JPG	2023-08-03 23:05:44	59.91617	30.30584	20	4000	2252	Galaxy S23 Ultra	
P1291	месяц в Питере/прогулка по городу/111.JPG	2023-08-03 23:05:53	59.91617	30.30584	20	4000	2252	Galaxy S23 Ultra	
P1292	месяц в Питере/прогулка по городу/112.JPG	2023-08-03 23:05:58	59.91617	30.30584	20	4000	2252	Galaxy S23 Ultra	
P1293	месяц в Питере/прогулка по городу/113.JPG	2023-08-03 23:06:16	59.91615	30.30589	17	4000	2252	Galaxy S23 Ultra	
P1294	месяц в Питере/прогулка по городу/114.JPG	2023-08-03 23:07:13	59.91637	30.30724	28	4000	2252	Galaxy S23 Ultra	
P1295	месяц в Питере/прогулка по городу/115.JPG	2023-08-03 23:07:17	59.91637	30.30726	26	4000	2252	Galaxy S23 Ultra	
P1296	месяц в Питере/прогулка по городу/116.JPG	2023-08-03 23:07:43	59.91644	30.30717	19	4000	2252	Galaxy S23 Ultra	
P1297	месяц в Питере/прогулка по городу/117.JPG	2023-08-03 23:27:55	59.91996	30.32745	23	4000	2252	Galaxy S23 Ultra	
P1298	месяц в Питере/прогулка по городу/118.JPG	2023-08-03 23:28:11	59.91996	30.32745	23	4000	2252	Galaxy S23 Ultra	
P1299	месяц в Питере/прогулка по городу/119.JPG	2023-08-03 23:28:30	59.91981	30.32771	27	4000	2252	Galaxy S23 Ultra	
P1300	месяц в Питере/прогулка по городу/120.JPG	2023-08-03 23:33:19	59.92	30.32873	27	4000	2252	Galaxy S23 Ultra	
P1301	месяц в Питере/прогулка по городу/121.JPG	2023-08-03 23:33:23	59.92	30.32877	27	4000	2252	Galaxy S23 Ultra	
P1302	месяц в Питере/прогулка по городу/122.JPG	2023-08-03 23:33:28	59.92	30.32877	27	4000	2252	Galaxy S23 Ultra	
P1303	месяц в Питере/прогулка по городу/123.JPG	2023-08-03 23:33:34	59.92	30.32877	27	4000	2252	Galaxy S23 Ultra	
P1304	месяц в Питере/прогулка по городу/124.JPG	2023-08-03 23:34:02	59.9199	30.32935	49	4000	2252	Galaxy S23 Ultra	
P1305	месяц в Питере/прогулка по городу/125.JPG	2023-08-03 23:34:18	59.91993	30.32938	45	4000	2252	Galaxy S23 Ultra	
P1306	месяц в Питере/прогулка по городу/126.JPG	2023-08-03 23:34:22	59.91993	30.32938	45	4000	2252	Galaxy S23 Ultra	
P1307	месяц в Питере/прогулка по городу/127.JPG	2023-08-03 23:34:24	59.91993	30.32938	45	4000	2252	Galaxy S23 Ultra	
P1308	месяц в Питере/прогулка по городу/128.JPG	2023-08-03 23:34:27	59.91993	30.32938	45	4000	2252	Galaxy S23 Ultra	
P1309	месяц в Питере/прогулка по городу/129.JPG	2023-08-03 23:34:53	59.91992	30.32938	43	4000	2252	Galaxy S23 Ultra	
P1310	месяц в Питере/прогулка по городу/130.JPG	2023-08-03 23:34:57	59.91992	30.32938	43	4000	2252	Galaxy S23 Ultra	
P1311	месяц в Питере/прогулка по городу/131.JPG	2023-08-03 23:35:20	59.91992	30.32935	45	4000	2252	Galaxy S23 Ultra	
P1312	месяц в Питере/прогулка по городу/132.JPG	2023-08-03 23:35:38	59.91991	30.32938	47	4000	2252	Galaxy S23 Ultra	
P1313	месяц в Питере/прогулка по городу/133.JPG	2023-08-03 23:35:45	59.9199	30.32939	46	4000	2252	Galaxy S23 Ultra	
P1314	месяц в Питере/прогулка по городу/134.JPG	2023-08-03 23:36:08	59.91988	30.3294	44	4000	2252	Galaxy S23 Ultra	
P1315	месяц в Питере/прогулка по городу/135.JPG	2023-08-03 23:40:02	59.92036	30.32845	26	4000	2252	Galaxy S23 Ultra	
P1316	месяц в Питере/прогулка по городу/136.JPG	2023-08-03 23:40:06	59.92035	30.32845	26	4000	2252	Galaxy S23 Ultra	
P1317	месяц в Питере/прогулка по городу/137.JPG	2023-08-04 00:08:45	59.94299	30.39692	30	4000	2252	Galaxy S23 Ultra	
P1318	месяц в Питере/прогулка по городу/138.JPG	2023-08-04 00:09:55	59.94304	30.39825	34	4000	2252	Galaxy S23 Ultra	
P1319	месяц в Питере/прогулка по городу/141.JPG	2023-08-04 00:11:25	59.94325	30.39817	32	4000	2252	Galaxy S23 Ultra	
P1320	месяц в Питере/прогулка по городу/142.JPG	2023-08-04 00:12:20	59.94359	30.39828	25	4000	2252	Galaxy S23 Ultra	
P1321	месяц в Питере/прогулка по городу/143.JPG	2023-08-04 00:12:27	59.9436	30.39828	26	4000	2252	Galaxy S23 Ultra	
P1322	месяц в Питере/прогулка по городу/144.JPG	2023-08-04 00:12:36	59.9436	30.39828	26	4000	2252	Galaxy S23 Ultra	
P1323	месяц в Питере/прогулка по городу/146.JPG	2023-08-04 00:17:27	59.94287	30.39836	29	4000	2252	Galaxy S23 Ultra	
P1324	месяц в Питере/прогулка по городу/147.JPG	2023-08-04 00:17:29	59.94285	30.39836	0	4000	2252	Galaxy S23 Ultra	
P1325	месяц в Питере/прогулка по городу/148.JPG	2023-08-04 00:17:43	59.94283	30.39838	26	4000	2252	Galaxy S23 Ultra	
P1326	месяц в Питере/прогулка по городу/149.JPG	2023-08-04 00:21:22	59.94278	30.4008	38	4000	2252	Galaxy S23 Ultra	
P1327	месяц в Питере/прогулка по городу/150.JPG	2023-08-04 00:21:31	59.94278	30.4008	38	4000	2252	Galaxy S23 Ultra	
P1328	месяц в Питере/прогулка по городу/152.JPG	2023-08-04 00:22:00	59.9428	30.40098	38	4000	2252	Galaxy S23 Ultra	
P1329	месяц в Питере/прогулка по городу/153.JPG	2023-08-04 00:22:08	59.9428	30.40098	38	4000	2252	Galaxy S23 Ultra	
P1330	месяц в Питере/прогулка по городу/154.JPG	2023-08-04 00:22:12	59.9428	30.40098	38	4000	2252	Galaxy S23 Ultra	
P1331	месяц в Питере/прогулка по городу/155.JPG	2023-08-04 00:22:58	59.94275	30.40211	41	4000	2252	Galaxy S23 Ultra	
P1332	месяц в Питере/прогулка по городу/156.JPG	2023-08-04 00:23:04	59.94275	30.40211	41	4000	2252	Galaxy S23 Ultra	
P1333	месяц в Питере/прогулка по городу/157.JPG	2023-08-04 00:23:12	59.94275	30.40211	41	4000	2252	Galaxy S23 Ultra	
P1334	месяц в Питере/Эрарта/01.JPG	2023-07-09 17:16:53	59.93231	30.25181	25	4000	2252	Galaxy S23 Ultra	
P1335	месяц в Питере/Эрарта/02.JPG	2023-07-09 17:55:34	59.93217	30.25139	24	4000	2252	Galaxy S23 Ultra	
P1336	месяц в Питере/Эрарта/05.JPG	2023-07-09 18:02:38	59.93191	30.25169	25	4000	2252	Galaxy S23 Ultra	
P1337	месяц в Питере/Эрарта/06.JPG	2023-07-09 18:14:34	59.93191	30.25171	25	4000	2252	Galaxy S23 Ultra	
P1338	месяц в Питере/Эрарта/07.JPG	2023-07-09 18:14:38	59.93191	30.25168	25	4000	2252	Galaxy S23 Ultra	
P1339	месяц в Питере/Эрарта/08.JPG	2023-07-09 18:37:40	59.93194	30.25179	26	4000	2252	Galaxy S23 Ultra	
P1340	месяц в Питере/Эрарта/09.JPG	2023-07-09 18:37:46	59.93194	30.25179	26	4000	2252	Galaxy S23 Ultra	
P1341	месяц в Питере/Эрарта/091.JPG	2023-08-03 20:48:51	59.93188	30.25156	25	4000	2252	Galaxy S23 Ultra	
P1342	месяц в Питере/Эрарта/092.JPG	2023-08-03 20:48:54	59.93188	30.2515	25	4000	2252	Galaxy S23 Ultra	
P1343	месяц в Питере/Эрарта/093.JPG	2023-08-03 20:49:11	59.93188	30.2515	25	4000	2252	Galaxy S23 Ultra	
P1344	месяц в Питере/Эрарта/094.JPG	2023-08-03 20:49:16	59.93188	30.2515	25	4000	2252	Galaxy S23 Ultra	
P1345	месяц в Питере/Эрарта/10.JPG	2023-07-09 19:03:25	59.93184	30.25163	33	4000	2252	Galaxy S23 Ultra	
P1346	месяц в Питере/Эрарта/11.JPG	2023-07-09 19:05:22	59.93184	30.25163	31	4000	2252	Galaxy S23 Ultra	
P1347	месяц в Питере/Эрарта/13.JPG	2023-07-13 20:34:13	59.93183	30.25161	40	4000	2252	Galaxy S23 Ultra	
P1348	месяц в Питере/Эрарта/14.JPG	2023-07-13 20:53:40	59.93185	30.25164	33	4000	2252	Galaxy S23 Ultra	
P1349	месяц в Питере/Эрарта/16.JPG	2023-07-13 21:11:06	59.93217	30.25128	33	4000	2252	Galaxy S23 Ultra	
P1350	месяц в Питере/Эрарта/17.JPG	2023-07-13 21:11:18	59.93217	30.25128	33	4000	2252	Galaxy S23 Ultra	
P1351	месяц в Питере/Эрарта/18.JPG	2023-07-13 21:21:40	59.93245	30.25094	41	4000	2252	Galaxy S23 Ultra	
P1352	месяц в Питере/Эрарта/19.JPG	2023-07-13 21:21:49	59.93245	30.25094	41	4000	2252	Galaxy S23 Ultra	
P1353	месяц в Питере/Эрарта/20.JPG	2023-07-13 21:24:17	59.93254	30.2508	0	4000	2252	Galaxy S23 Ultra	
P1354	месяц в Питере/Эрарта/21.JPG	2023-07-13 21:24:20	59.93254	30.2508	0	4000	2252	Galaxy S23 Ultra	
P1355	месяц в Питере/Эрарта/22.JPG	2023-07-13 21:44:59	59.93182	30.24797	37	4000	2252	Galaxy S23 Ultra	
P1356	месяц в Питере/Эрарта/23.JPG	2023-07-13 21:45:05	59.93182	30.24797	37	4000	2252	Galaxy S23 Ultra	
P1357	месяц в Питере/Эрарта/24.JPG	2023-07-13 21:45:13	59.93182	30.24797	37	4000	2252	Galaxy S23 Ultra	
P1358	месяц в Питере/Эрмитаж. Главный штаб/001.JPG	2023-07-29 11:29:56	59.93758	30.31835	21	4000	2252	Galaxy S23 Ultra	
P1359	месяц в Питере/Эрмитаж. Главный штаб/002.JPG	2023-07-29 11:29:59	59.93757	30.31832	21	4000	2252	Galaxy S23 Ultra	
P1360	месяц в Питере/Эрмитаж. Главный штаб/003.JPG	2023-07-29 11:30:08	59.93757	30.31832	21	4000	3000	Galaxy S23 Ultra	
P1361	месяц в Питере/Эрмитаж. Главный штаб/004.JPG	2023-07-29 11:34:06	59.93798	30.31807	29	4000	2252	Galaxy S23 Ultra	
P1362	месяц в Питере/Эрмитаж. Главный штаб/005.JPG	2023-07-29 11:34:14	59.93798	30.31807	29	4000	2252	Galaxy S23 Ultra	
P1363	месяц в Питере/Эрмитаж. Главный штаб/006.JPG	2023-07-29 11:43:44				4000	2252	Galaxy S23 Ultra	
P1364	месяц в Питере/Эрмитаж. Главный штаб/007.JPG	2023-07-29 11:47:04	59.93891	30.31852	22	4000	2252	Galaxy S23 Ultra	
P1365	месяц в Питере/Эрмитаж. Главный штаб/008.JPG	2023-07-29 11:47:09	59.93891	30.31852	22	4000	2252	Galaxy S23 Ultra	
P1366	месяц в Питере/Эрмитаж. Главный штаб/009.JPG	2023-07-29 11:47:20	59.93891	30.31852	22	4000	2252	Galaxy S23 Ultra	
P1367	месяц в Питере/Эрмитаж. Главный штаб/010.JPG	2023-07-29 11:47:29	59.93891	30.31852	22	4000	2252	Galaxy S23 Ultra	
P1368	месяц в Питере/Эрмитаж. Главный штаб/011.JPG	2023-07-29 11:48:15	59.93887	30.31827	21	4000	2252	Galaxy S23 Ultra	
P1369	месяц в Питере/Эрмитаж. Главный штаб/012.JPG	2023-07-29 11:48:19	59.93887	30.31827	21	4000	2252	Galaxy S23 Ultra	
P1370	месяц в Питере/Эрмитаж. Главный штаб/013.JPG	2023-07-29 11:48:27	59.93887	30.31827	21	4000	2252	Galaxy S23 Ultra	
P1371	месяц в Питере/Эрмитаж. Главный штаб/014.JPG	2023-07-29 11:51:10				4000	2252	Galaxy S23 Ultra	
P1372	месяц в Питере/Эрмитаж. Главный штаб/015.JPG	2023-07-29 12:26:52	59.93784	30.31875	0	4000	2252	Galaxy S23 Ultra	
P1373	месяц в Питере/Эрмитаж. Главный штаб/016.JPG	2023-07-29 12:27:09	59.93784	30.31875	0	4000	2252	Galaxy S23 Ultra	
P1374	месяц в Питере/Эрмитаж. Главный штаб/017.JPG	2023-07-29 12:28:12	59.93795	30.31806	21	4000	2252	Galaxy S23 Ultra	
P1375	месяц в Питере/Эрмитаж. Главный штаб/018.JPG	2023-07-29 12:28:23	59.93795	30.31806	21	4000	2252	Galaxy S23 Ultra	
P1376	месяц в Питере/Эрмитаж. Главный штаб/019.JPG	2023-07-29 12:28:32	59.93795	30.31806	21	4000	2252	Galaxy S23 Ultra	
P1377	месяц в Питере/Эрмитаж. Главный штаб/020.JPG	2023-07-29 12:28:36	59.93795	30.31806	21	4000	2252	Galaxy S23 Ultra	
P1378	месяц в Питере/Эрмитаж. Главный штаб/021.JPG	2023-07-29 12:29:35	59.93785	30.31798	25	4000	2252	Galaxy S23 Ultra	
P1379	месяц в Питере/Эрмитаж. Главный штаб/022.JPG	2023-07-29 12:32:19	59.93784	30.31785	25	4000	2252	Galaxy S23 Ultra	
P1380	месяц в Питере/Эрмитаж. Главный штаб/023.JPG	2023-07-29 12:32:22	59.93784	30.31785	25	4000	2252	Galaxy S23 Ultra	
P1381	месяц в Питере/Эрмитаж. Главный штаб/024.JPG	2023-07-29 12:37:02	59.93781	30.31793	25	4000	2252	Galaxy S23 Ultra	
P1382	месяц в Питере/Эрмитаж. Главный штаб/025.JPG	2023-07-29 12:37:07	59.9378	30.31794	25	4000	2252	Galaxy S23 Ultra	
P1383	месяц в Питере/Эрмитаж. Главный штаб/026.JPG	2023-07-29 12:37:15	59.9378	30.31794	25	4000	2252	Galaxy S23 Ultra	
P1384	месяц в Питере/Эрмитаж. Главный штаб/027.JPG	2023-07-29 12:37:20	59.9378	30.31794	25	4000	2252	Galaxy S23 Ultra	
P1385	месяц в Питере/Эрмитаж. Главный штаб/028.JPG	2023-07-29 12:37:37	59.93779	30.31792	25	4000	2252	Galaxy S23 Ultra	
P1386	месяц в Питере/Эрмитаж. Главный штаб/029.JPG	2023-07-29 12:37:54	59.93782	30.31794	25	4000	2252	Galaxy S23 Ultra	
P1387	месяц в Питере/Эрмитаж. Главный штаб/030.JPG	2023-07-29 12:43:21	59.93802	30.31756	24	4000	2252	Galaxy S23 Ultra	
P1388	месяц в Питере/Эрмитаж. Главный штаб/031.JPG	2023-07-29 12:43:24	59.93802	30.31756	24	4000	2252	Galaxy S23 Ultra	
P1389	месяц в Питере/Эрмитаж. Главный штаб/032.JPG	2023-07-29 13:03:20				4000	2252	Galaxy S23 Ultra	
P1390	месяц в Питере/Эрмитаж. Главный штаб/033.JPG	2023-07-29 13:12:27				4000	2252	Galaxy S23 Ultra	
P1391	месяц в Питере/Эрмитаж. Главный штаб/034.JPG	2023-07-29 13:14:42	59.93946	30.31852	30	4000	2252	Galaxy S23 Ultra	
P1392	месяц в Питере/Эрмитаж. Главный штаб/035.JPG	2023-07-29 13:14:44	59.93946	30.3185	24	4000	2252	Galaxy S23 Ultra	
P1393	месяц в Питере/Эрмитаж. Главный штаб/036.JPG	2023-07-29 13:14:50	59.93946	30.3185	0	4000	2252	Galaxy S23 Ultra	
P1394	месяц в Питере/Эрмитаж. Главный штаб/037.JPG	2023-07-29 13:15:05	59.93946	30.3185	0	4000	3000	Galaxy S23 Ultra	
P1395	месяц в Питере/Эрмитаж. Главный штаб/038.JPG	2023-07-29 13:24:15	59.93897	30.31892	22	4000	2252	Galaxy S23 Ultra	
P1396	месяц в Питере/Эрмитаж. Главный штаб/039.JPG	2023-07-29 13:24:20	59.93897	30.31892	22	4000	2252	Galaxy S23 Ultra	
P1397	месяц в Питере/Эрмитаж. Главный штаб/040.JPG	2023-07-29 13:32:33	59.93864	30.31893	22	4000	2252	Galaxy S23 Ultra	
P1398	месяц в Питере/Эрмитаж. Главный штаб/041.JPG	2023-07-29 13:32:37	59.93864	30.31893	22	4000	2252	Galaxy S23 Ultra	
P1399	месяц в Питере/Эрмитаж. Главный штаб/042.JPG	2023-07-29 13:40:49	59.93834	30.31869	22	4000	2252	Galaxy S23 Ultra	
P1400	месяц в Питере/Эрмитаж. Главный штаб/043.JPG	2023-07-29 13:40:54	59.93834	30.31869	22	4000	2252	Galaxy S23 Ultra	
P1401	месяц в Питере/Эрмитаж. Главный штаб/044.JPG	2023-07-29 14:27:00	59.93802	30.31804	35	4000	2252	Galaxy S23 Ultra	
P1402	месяц в Питере/Эрмитаж. Главный штаб/045.JPG	2023-07-29 14:27:02	59.93802	30.31804	35	4000	2252	Galaxy S23 Ultra	
P1403	месяц в Питере/Эрмитаж. Главный штаб/046.JPG	2023-07-29 14:27:10	59.938	30.31796	34	4000	2252	Galaxy S23 Ultra	
P1404	месяц в Питере/Эрмитаж. Главный штаб/047.JPG	2023-07-29 14:27:55	59.93798	30.31786	34	4000	2252	Galaxy S23 Ultra	
P1405	месяц в Питере/Эрмитаж. Главный штаб/048.JPG	2023-07-29 14:28:03	59.93799	30.31782	30	4000	2252	Galaxy S23 Ultra	
P1406	месяц в Питере/Эрмитаж. Главный штаб/049.JPG	2023-07-29 14:28:13	59.938	30.31782	30	4000	2252	Galaxy S23 Ultra	
P1407	месяц в Питере/Эрмитаж. Главный штаб/050.JPG	2023-07-29 14:28:24	59.93798	30.31787	31	4000	2252	Galaxy S23 Ultra	
P1408	месяц в Питере/Эрмитаж. Главный штаб/051.JPG	2023-07-29 14:28:26	59.93798	30.31787	31	4000	2252	Galaxy S23 Ultra	
P1409	месяц в Питере/Эрмитаж. Главный штаб/052.JPG	2023-07-29 14:28:32	59.93798	30.31787	31	4000	2252	Galaxy S23 Ultra	
P1410	месяц в Питере/Эрмитаж. Главный штаб/053.JPG	2023-07-29 14:35:40	59.93796	30.31771	30	4000	2252	Galaxy S23 Ultra	
P1411	месяц в Питере/Эрмитаж. Главный штаб/054.JPG	2023-07-29 14:35:54	59.93796	30.31772	30	4000	2252	Galaxy S23 Ultra	
P1412	месяц в Питере/Эрмитаж. Главный штаб/055.JPG	2023-07-29 14:36:03	59.93796	30.31772	30	4000	2252	Galaxy S23 Ultra	
P1413	месяц в Питере/Эрмитаж. Главный штаб/056.JPG	2023-07-29 14:36:14	59.93798	30.31767	30	4000	2252	Galaxy S23 Ultra	
P1414	месяц в Питере/Эрмитаж. Главный штаб/057.JPG	2023-07-29 14:36:17	59.93798	30.31767	30	4000	2252	Galaxy S23 Ultra	
P1415	месяц в Питере/Эрмитаж. Главный штаб/058.JPG	2023-07-29 14:38:10	59.93805	30.31756	30	4000	2252	Galaxy S23 Ultra	
P1416	месяц в Питере/Эрмитаж. Главный штаб/059.JPG	2023-07-29 14:38:13	59.93805	30.31756	30	4000	2252	Galaxy S23 Ultra	
P1417	месяц в Питере/Эрмитаж. Главный штаб/060.JPG	2023-07-29 14:38:48				4000	2252	Galaxy S23 Ultra	
P1418	месяц в Питере/Эрмитаж. Главный штаб/061.JPG	2023-07-29 14:38:52				4000	2252	Galaxy S23 Ultra	
P1419	месяц в Питере/Эрмитаж. Главный штаб/062.JPG	2023-07-29 14:38:57				4000	2252	Galaxy S23 Ultra	
P1420	месяц в Питере/Эрмитаж. Главный штаб/063.JPG	2023-07-29 14:39:34	59.93805	30.31754	30	4000	2252	Galaxy S23 Ultra	
P1421	месяц в Питере/Эрмитаж. Главный штаб/064.JPG	2023-07-29 14:39:36	59.93805	30.31754	30	4000	2252	Galaxy S23 Ultra	
P1422	месяц в Питере/Эрмитаж. Главный штаб/065.JPG	2023-07-29 14:43:34				4000	2252	Galaxy S23 Ultra	
P1423	месяц в Питере/Эрмитаж. Главный штаб/066.JPG	2023-07-29 14:43:40	59.93825	30.3175	0	4000	2252	Galaxy S23 Ultra	
P1424	месяц в Питере/Эрмитаж. Главный штаб/067.JPG	2023-07-29 14:47:39				4000	2252	Galaxy S23 Ultra	
P1425	месяц в Питере/Эрмитаж. Главный штаб/068.JPG	2023-07-29 14:47:44				4000	2252	Galaxy S23 Ultra	
P1426	месяц в Питере/Эрмитаж. Главный штаб/069.JPG	2023-07-29 14:47:46				4000	2252	Galaxy S23 Ultra	
P1427	месяц в Питере/Эрмитаж. Главный штаб/070.JPG	2023-07-29 14:51:24				4000	2252	Galaxy S23 Ultra	
P1428	месяц в Питере/Эрмитаж. Главный штаб/071.JPG	2023-07-29 14:51:31				4000	2252	Galaxy S23 Ultra	
P1429	месяц в Питере/Эрмитаж. Главный штаб/072.JPG	2023-07-29 14:54:44				4000	2252	Galaxy S23 Ultra	
P1430	месяц в Питере/Эрмитаж. Главный штаб/073.JPG	2023-07-29 14:54:50				4000	2252	Galaxy S23 Ultra	
P1431	месяц в Питере/Эрмитаж. Главный штаб/074.JPG	2023-07-29 14:54:59				4000	2252	Galaxy S23 Ultra	
P1432	месяц в Питере/Эрмитаж. Главный штаб/075.JPG	2023-07-29 14:55:02				4000	2252	Galaxy S23 Ultra	
P1433	месяц в Питере/Эрмитаж. Главный штаб/076.JPG	2023-07-29 14:55:09	59.93856	30.31626	31	4000	2252	Galaxy S23 Ultra	
P1434	месяц в Питере/Эрмитаж. Главный штаб/077.JPG	2023-07-29 14:55:18	59.93856	30.31626	31	4000	2252	Galaxy S23 Ultra	
P1435	месяц в Питере/Эрмитаж. Главный штаб/078.JPG	2023-07-29 14:55:21	59.93856	30.31626	31	4000	2252	Galaxy S23 Ultra	
P1436	месяц в Питере/Эрмитаж. Главный штаб/079.JPG	2023-07-29 14:56:17	59.93824	30.31769	31	4000	2252	Galaxy S23 Ultra	
P1437	месяц в Питере/Эрмитаж. Главный штаб/080.JPG	2023-07-29 14:56:18	59.93824	30.31769	31	4000	2252	Galaxy S23 Ultra	
P1438	месяц в Питере/Эрмитаж. Главный штаб/081.JPG	2023-07-29 14:56:22	59.93824	30.31769	31	4000	2252	Galaxy S23 Ultra	
P1439	месяц в Питере/Эрмитаж. Главный штаб/082.JPG	2023-07-29 14:56:25	59.93824	30.31769	31	4000	2252	Galaxy S23 Ultra	
P1440	месяц в Питере/Эрмитаж. Главный штаб/083.JPG	2023-07-29 14:56:30	59.93824	30.31769	31	4000	2252	Galaxy S23 Ultra	
P1441	месяц в Питере/Эрмитаж. Главный штаб/084.JPG	2023-07-29 14:57:29	59.93829	30.31768	31	4000	2252	Galaxy S23 Ultra	
P1442	месяц в Питере/Эрмитаж. Главный штаб/085.JPG	2023-07-29 14:57:34	59.93829	30.31768	31	4000	2252	Galaxy S23 Ultra	
P1443	месяц в Питере/Эрмитаж. Главный штаб/086.JPG	2023-07-29 14:58:13	59.93842	30.31766	30	4000	2252	Galaxy S23 Ultra	
P1444	месяц в Питере/Эрмитаж. Главный штаб/088.JPG	2023-07-29 14:58:19	59.93842	30.31766	30	4000	2252	Galaxy S23 Ultra	
P1445	месяц в Питере/Эрмитаж. Главный штаб/089.JPG	2023-07-29 14:58:24	59.93842	30.31766	30	4000	2252	Galaxy S23 Ultra	
P1446	месяц в Питере/Эрмитаж. Главный штаб/090.JPG	2023-07-29 15:04:13	59.93869	30.31777	30	4000	2252	Galaxy S23 Ultra	
P1447	месяц в Питере/Эрмитаж. Главный штаб/091.JPG	2023-07-29 15:04:18	59.93869	30.31777	30	4000	2252	Galaxy S23 Ultra	
P1448	месяц в Питере/Эрмитаж. Главный штаб/092.JPG	2023-07-29 15:09:47	59.93895	30.31791	29	4000	2252	Galaxy S23 Ultra	
P1449	месяц в Питере/Эрмитаж. Главный штаб/094.JPG	2023-07-29 15:42:46				4000	2252	Galaxy S23 Ultra	
P1450	месяц в Питере/Эрмитаж. Главный штаб/095.JPG	2023-07-29 15:42:50				4000	2252	Galaxy S23 Ultra	
P1451	месяц в Питере/Эрмитаж. Главный штаб/096.JPG	2023-07-29 15:42:56				4000	2252	Galaxy S23 Ultra	
P1452	месяц в Питере/Эрмитаж. Главный штаб/097.JPG	2023-07-29 15:58:30	59.93865	30.31899	30	4000	2252	Galaxy S23 Ultra	
P1453	месяц в Питере/Эрмитаж. Главный штаб/098.JPG	2023-07-29 15:59:20	59.93821	30.31881	0	4000	2252	Galaxy S23 Ultra	
P1454	месяц в Питере/Эрмитаж. Главный штаб/100.JPG	2023-07-29 15:59:24	59.93828	30.31881	38	4000	2252	Galaxy S23 Ultra	
P1455	месяц в Питере/Эрмитаж. Главный штаб/101.JPG	2023-07-29 16:05:21	59.93802	30.31886	30	4000	2252	Galaxy S23 Ultra	
P1456	месяц в Питере/Эрмитаж. Главный штаб/102.JPG	2023-07-29 16:05:30	59.93801	30.31882	30	4000	2252	Galaxy S23 Ultra	
P1457	месяц в Питере/Эрмитаж. Главный штаб/103.JPG	2023-07-29 16:07:21	59.93799	30.31883	30	4000	2252	Galaxy S23 Ultra	
P1458	месяц в Питере/Эрмитаж. Главный штаб/104.JPG	2023-07-29 16:07:25	59.93799	30.31883	30	4000	2252	Galaxy S23 Ultra	
P1459	месяц в Питере/Эрмитаж. Главный штаб/105.JPG	2023-07-29 16:10:45	59.93822	30.31901	30	4000	2252	Galaxy S23 Ultra	
P1460	месяц в Питере/Эрмитаж. Главный штаб/106.JPG	2023-07-29 16:10:51	59.93822	30.31901	30	4000	2252	Galaxy S23 Ultra	
P1461	месяц в Питере/Эрмитаж. Главный штаб/107.JPG	2023-07-29 16:13:00	59.93823	30.31901	30	4000	2252	Galaxy S23 Ultra	
P1462	месяц в Питере/Эрмитаж. Главный штаб/108.JPG	2023-07-29 16:13:31	59.93822	30.31901	30	4000	2252	Galaxy S23 Ultra	
P1463	месяц в Питере/Эрмитаж. Главный штаб/109.JPG	2023-07-29 16:13:37	59.93822	30.31901	30	4000	2252	Galaxy S23 Ultra	
P1464	месяц в Питере/Эрмитаж. Главный штаб/110.JPG	2023-07-29 16:13:41	59.93822	30.31901	30	4000	2252	Galaxy S23 Ultra	
P1465	месяц в Питере/Эрмитаж. Главный штаб/112.JPG	2023-07-29 16:18:57				4000	3000	Galaxy S23 Ultra	
P1466	месяц в Питере/Эрмитаж. Главный штаб/113.JPG	2023-07-29 16:19:07				4000	2252	Galaxy S23 Ultra	
P1467	месяц в Питере/Эрмитаж. Главный штаб/114.JPG	2023-07-29 16:19:09				4000	2252	Galaxy S23 Ultra	
P1468	месяц в Питере/Эрмитаж. Главный штаб/115.JPG	2023-07-29 16:19:18	59.93793	30.31802	30	4000	2252	Galaxy S23 Ultra	
P1469	месяц в Питере/Эрмитаж. Главный штаб/116.JPG	2023-07-29 16:19:21	59.93793	30.31802	30	4000	2252	Galaxy S23 Ultra	
P1470	месяц в Питере/Эрмитаж. Главный штаб/117.JPG	2023-07-29 16:19:23	59.93793	30.31802	30	4000	2252	Galaxy S23 Ultra	
P1471	месяц в Питере/Эрмитаж. Главный штаб/118.JPG	2023-07-29 16:20:23				4000	2252	Galaxy S23 Ultra	
P1472	месяц в Питере/Эрмитаж. Главный штаб/119.JPG	2023-07-29 16:20:25				4000	2252	Galaxy S23 Ultra	
P1473	месяц в Питере/Эрмитаж. Главный штаб/120.JPG	2023-07-29 16:20:29				4000	2252	Galaxy S23 Ultra	
P1474	месяц в Питере/Эрмитаж. Главный штаб/121.JPG	2023-07-29 16:22:11	59.93794	30.31833	19	4000	2252	Galaxy S23 Ultra	
P1475	месяц в Питере/Эрмитаж. Главный штаб/122.JPG	2023-07-29 16:22:14	59.93794	30.31833	19	4000	2252	Galaxy S23 Ultra	
P1476	месяц в Питере/Эрмитаж. Главный штаб/123.JPG	2023-07-29 16:22:52	59.93829	30.31838	19	4000	2252	Galaxy S23 Ultra	
P1477	месяц в Питере/Эрмитаж. Главный штаб/124.JPG	2023-07-29 16:23:06	59.93829	30.31838	19	4000	2252	Galaxy S23 Ultra	
P1478	месяц в Питере/Эрмитаж. Главный штаб/125.JPG	2023-07-29 16:23:13	59.93829	30.31838	19	4000	2252	Galaxy S23 Ultra	
P1479	месяц в Питере/Эрмитаж. Главный штаб/126.JPG	2023-07-29 16:23:18	59.93829	30.31838	19	4000	2252	Galaxy S23 Ultra	
P1480	месяц в Питере/Эрмитаж. Главный штаб/128.JPG	2023-07-29 16:26:34	59.93857	30.3185	21	4000	2252	Galaxy S23 Ultra	
P1481	месяц в Питере/Эрмитаж. Главный штаб/129.JPG	2023-07-29 16:26:37	59.93857	30.3185	21	4000	2252	Galaxy S23 Ultra	
P1482	месяц в Питере/Эрмитаж. Главный штаб/130.JPG	2023-07-29 16:26:43	59.93857	30.3185	21	4000	3000	Galaxy S23 Ultra	
P1483	месяц в Питере/Эрмитаж. Главный штаб/131.JPG	2023-07-29 16:26:45	59.93857	30.3185	21	4000	3000	Galaxy S23 Ultra	
P1484	месяц в Питере/Эрмитаж. Главный штаб/132.JPG	2023-07-29 16:26:48	59.93857	30.3185	21	4000	3000	Galaxy S23 Ultra	
P1485	месяц в Питере/Эрмитаж. Главный штаб/133.JPG	2023-07-29 16:33:10	59.93889	30.31826	18	4000	2252	Galaxy S23 Ultra	
P1486	месяц в Питере/Эрмитаж. Главный штаб/134.JPG	2023-07-29 16:33:28	59.93889	30.31826	18	4000	2252	Galaxy S23 Ultra	
P1487	месяц в Питере/Эрмитаж/001.JPG	2023-07-15 13:27:21				4000	2252	Galaxy S23 Ultra	
P1488	месяц в Питере/Эрмитаж/002.JPG	2023-07-15 13:27:24				4000	2252	Galaxy S23 Ultra	
P1489	месяц в Питере/Эрмитаж/003.JPG	2023-07-15 13:27:27				4000	2252	Galaxy S23 Ultra	
P1490	месяц в Питере/Эрмитаж/004.JPG	2023-07-15 13:27:31				4000	2252	Galaxy S23 Ultra	
P1491	месяц в Питере/Эрмитаж/005.JPG	2023-07-15 13:33:43				4000	2252	Galaxy S23 Ultra	
P1492	месяц в Питере/Эрмитаж/006.JPG	2023-07-15 13:33:46				4000	2252	Galaxy S23 Ultra	
P1493	месяц в Питере/Эрмитаж/007.JPG	2023-07-15 13:33:53				4000	2252	Galaxy S23 Ultra	
P1494	месяц в Питере/Эрмитаж/008.JPG	2023-07-15 13:39:48				4000	2252	Galaxy S23 Ultra	
P1495	месяц в Питере/Эрмитаж/009.JPG	2023-07-15 13:39:54				4000	2252	Galaxy S23 Ultra	
P1496	месяц в Питере/Эрмитаж/010.JPG	2023-07-15 13:39:59				4000	2252	Galaxy S23 Ultra	
P1497	месяц в Питере/Эрмитаж/011.JPG	2023-07-15 13:40:19				4000	3000	Galaxy S23 Ultra	
P1498	месяц в Питере/Эрмитаж/012.JPG	2023-07-15 14:18:35				4000	2252	Galaxy S23 Ultra	
P1499	месяц в Питере/Эрмитаж/013.JPG	2023-07-15 14:18:42				4000	2252	Galaxy S23 Ultra	
P1500	месяц в Питере/Эрмитаж/014.JPG	2023-07-15 14:18:46				4000	2252	Galaxy S23 Ultra	
P1501	месяц в Питере/Эрмитаж/015.JPG	2023-07-15 14:19:18				4000	2252	Galaxy S23 Ultra	
P1502	месяц в Питере/Эрмитаж/016.JPG	2023-07-15 14:19:27				4000	2252	Galaxy S23 Ultra	
P1503	месяц в Питере/Эрмитаж/017.JPG	2023-07-15 14:19:55				4000	2252	Galaxy S23 Ultra	
P1504	месяц в Питере/Эрмитаж/018.JPG	2023-07-15 14:20:00				4000	2252	Galaxy S23 Ultra	
P1505	месяц в Питере/Эрмитаж/019.JPG	2023-07-15 14:21:21				4000	2252	Galaxy S23 Ultra	
P1506	месяц в Питере/Эрмитаж/020.JPG	2023-07-15 14:22:44	59.94087	30.31302	35	4000	2252	Galaxy S23 Ultra	
P1507	месяц в Питере/Эрмитаж/021.JPG	2023-07-15 14:22:46	59.94087	30.31302	35	4000	2252	Galaxy S23 Ultra	
P1508	месяц в Питере/Эрмитаж/022.JPG	2023-07-15 14:22:53	59.94087	30.31302	35	4000	2252	Galaxy S23 Ultra	
P1509	месяц в Питере/Эрмитаж/023.JPG	2023-07-15 14:24:21				4000	2252	Galaxy S23 Ultra	
P1510	месяц в Питере/Эрмитаж/024.JPG	2023-07-15 14:24:30				4000	2252	Galaxy S23 Ultra	
P1511	месяц в Питере/Эрмитаж/025.JPG	2023-07-15 14:24:36				4000	2252	Galaxy S23 Ultra	
P1512	месяц в Питере/Эрмитаж/026.JPG	2023-07-15 14:30:52				4000	2252	Galaxy S23 Ultra	
P1513	месяц в Питере/Эрмитаж/027.JPG	2023-07-15 14:31:23				4000	2252	Galaxy S23 Ultra	
P1514	месяц в Питере/Эрмитаж/028.JPG	2023-07-15 14:32:10				4000	2252	Galaxy S23 Ultra	
P1515	месяц в Питере/Эрмитаж/029.JPG	2023-07-15 14:32:19				4000	2252	Galaxy S23 Ultra	
P1516	месяц в Питере/Эрмитаж/030.JPG	2023-07-15 14:32:51				4000	2252	Galaxy S23 Ultra	
P1517	месяц в Питере/Эрмитаж/031.JPG	2023-07-15 14:36:28				4000	2252	Galaxy S23 Ultra	
P1518	месяц в Питере/Эрмитаж/032.JPG	2023-07-15 14:36:38				4000	2252	Galaxy S23 Ultra	
P1519	месяц в Питере/Эрмитаж/033.JPG	2023-07-15 14:36:50				4000	2252	Galaxy S23 Ultra	
P1520	месяц в Питере/Эрмитаж/034.JPG	2023-07-15 14:38:58				4000	2252	Galaxy S23 Ultra	
P1521	месяц в Питере/Эрмитаж/035.JPG	2023-07-15 14:39:04				4000	2252	Galaxy S23 Ultra	
P1522	месяц в Питере/Эрмитаж/036.JPG	2023-07-15 14:39:20				4000	2252	Galaxy S23 Ultra	
P1523	месяц в Питере/Эрмитаж/037.JPG	2023-07-15 14:39:34				4000	2252	Galaxy S23 Ultra	
P1524	месяц в Питере/Эрмитаж/038.JPG	2023-07-15 14:41:14				4000	2252	Galaxy S23 Ultra	
P1525	месяц в Питере/Эрмитаж/039.JPG	2023-07-15 14:41:23				4000	2252	Galaxy S23 Ultra	
P1526	месяц в Питере/Эрмитаж/040.JPG	2023-07-15 14:41:27				4000	2252	Galaxy S23 Ultra	
P1527	месяц в Питере/Эрмитаж/041.JPG	2023-07-15 14:42:35				4000	2252	Galaxy S23 Ultra	
P1528	месяц в Питере/Эрмитаж/042.JPG	2023-07-15 14:42:43				4000	2252	Galaxy S23 Ultra	
P1529	месяц в Питере/Эрмитаж/043.JPG	2023-07-15 14:42:49				4000	2252	Galaxy S23 Ultra	
P1530	месяц в Питере/Эрмитаж/045.JPG	2023-07-15 14:43:02				4000	2252	Galaxy S23 Ultra	
P1531	месяц в Питере/Эрмитаж/046.JPG	2023-07-15 14:43:10				4000	2252	Galaxy S23 Ultra	
P1532	месяц в Питере/Эрмитаж/047.JPG	2023-07-15 14:43:54				4000	2252	Galaxy S23 Ultra	
P1533	месяц в Питере/Эрмитаж/048.JPG	2023-07-15 14:43:57				4000	2252	Galaxy S23 Ultra	
P1534	месяц в Питере/Эрмитаж/049.JPG	2023-07-15 14:57:31				4000	2252	Galaxy S23 Ultra	
P1535	месяц в Питере/Эрмитаж/050.JPG	2023-07-15 14:57:34				4000	2252	Galaxy S23 Ultra	
P1536	месяц в Питере/Эрмитаж/051.JPG	2023-07-15 14:57:46				4000	2252	Galaxy S23 Ultra	
P1537	месяц в Питере/Эрмитаж/052.JPG	2023-07-15 15:12:38				4000	2252	Galaxy S23 Ultra	
P1538	месяц в Питере/Эрмитаж/053.JPG	2023-07-15 15:12:43				4000	2252	Galaxy S23 Ultra	
P1539	месяц в Питере/Эрмитаж/054.JPG	2023-07-15 15:22:05				4000	2252	Galaxy S23 Ultra	
P1540	месяц в Питере/Эрмитаж/055.JPG	2023-07-15 15:22:13				4000	2252	Galaxy S23 Ultra	
P1541	месяц в Питере/Эрмитаж/056.JPG	2023-07-15 15:40:39				4000	2252	Galaxy S23 Ultra	
P1542	месяц в Питере/Эрмитаж/057.JPG	2023-07-15 15:40:48	59.93975	30.31302	36	4000	2252	Galaxy S23 Ultra	
P1543	месяц в Питере/Эрмитаж/058.JPG	2023-07-15 15:44:26	59.93997	30.31277	36	4000	2252	Galaxy S23 Ultra	
P1544	месяц в Питере/Эрмитаж/059.JPG	2023-07-15 15:44:31	59.93998	30.31276	36	4000	2252	Galaxy S23 Ultra	
P1545	месяц в Питере/Эрмитаж/060.JPG	2023-07-15 15:49:17	59.93998	30.31275	36	4000	2252	Galaxy S23 Ultra	
P1546	месяц в Питере/Эрмитаж/061.JPG	2023-07-15 15:49:22	59.93998	30.31275	36	4000	2252	Galaxy S23 Ultra	
P1547	месяц в Питере/Эрмитаж/062.JPG	2023-07-15 16:15:47	59.93946	30.3135	30	4000	2252	Galaxy S23 Ultra	
P1548	месяц в Питере/Эрмитаж/063.JPG	2023-07-15 16:15:50	59.93946	30.3135	30	4000	2252	Galaxy S23 Ultra	
P1549	месяц в Питере/Эрмитаж/064.JPG	2023-07-15 16:20:25	59.93987	30.31437	40	4000	2252	Galaxy S23 Ultra	
P1550	месяц в Питере/Эрмитаж/065.JPG	2023-07-15 16:20:27	59.93989	30.31433	47	4000	2252	Galaxy S23 Ultra	
P1551	месяц в Питере/Эрмитаж/066.JPG	2023-07-15 16:20:28	59.93988	30.31433	0	4000	2252	Galaxy S23 Ultra	
P1552	месяц в Питере/Эрмитаж/067.JPG	2023-07-15 16:22:24	59.93992	30.31467	37	4000	2252	Galaxy S23 Ultra	
P1553	месяц в Питере/Эрмитаж/068.JPG	2023-07-15 16:28:21	59.9401	30.31529	37	4000	2252	Galaxy S23 Ultra	
P1554	месяц в Питере/Эрмитаж/069.JPG	2023-07-15 16:28:22	59.9401	30.31529	37	4000	2252	Galaxy S23 Ultra	
P1555	месяц в Питере/Эрмитаж/070.JPG	2023-07-15 16:28:28	59.9401	30.31529	37	4000	2252	Galaxy S23 Ultra	
P1556	месяц в Питере/Эрмитаж/071.JPG	2023-07-15 16:36:22	59.93923	30.31529	0	4000	2252	Galaxy S23 Ultra	
P1557	месяц в Питере/Эрмитаж/072.JPG	2023-07-15 16:36:27	59.93923	30.31529	0	4000	2252	Galaxy S23 Ultra	
P1558	месяц в Питере/Эрмитаж/073.JPG	2023-07-15 16:38:29	59.9397	30.31466	35	4000	2252	Galaxy S23 Ultra	
P1559	месяц в Питере/Эрмитаж/074.JPG	2023-07-15 16:38:37	59.9397	30.31467	37	4000	2252	Galaxy S23 Ultra	
P1560	месяц в Питере/Эрмитаж/075.JPG	2023-07-15 16:40:12	59.93977	30.31477	37	4000	2252	Galaxy S23 Ultra	
P1561	месяц в Питере/Эрмитаж/076.JPG	2023-07-15 16:40:16	59.93976	30.31485	30	4000	2252	Galaxy S23 Ultra	
P1562	месяц в Питере/Эрмитаж/077.JPG	2023-07-15 16:47:20	59.9402	30.31561	37	4000	2252	Galaxy S23 Ultra	
P1563	месяц в Питере/Эрмитаж/078.JPG	2023-07-15 16:47:22	59.94014	30.3157	23	4000	2252	Galaxy S23 Ultra	
P1564	месяц в Питере/Эрмитаж/080.JPG	2023-07-15 16:54:16	59.94034	30.31568	37	4000	2252	Galaxy S23 Ultra	
P1565	месяц в Питере/Эрмитаж/081.JPG	2023-07-15 16:55:17	59.9403	30.31595	37	4000	2252	Galaxy S23 Ultra	
P1566	месяц в Питере/Эрмитаж/082.JPG	2023-07-15 16:55:20	59.9403	30.31595	37	4000	2252	Galaxy S23 Ultra	
P1567	месяц в Питере/Эрмитаж/083.JPG	2023-07-15 17:01:16	59.94059	30.31612	38	4000	2252	Galaxy S23 Ultra	
P1568	месяц в Питере/Эрмитаж/084.JPG	2023-07-15 17:42:28				4000	2252	Galaxy S23 Ultra	
P1569	месяц в Питере/Эрмитаж/085.JPG	2023-07-15 18:03:14	59.94119	30.31376	30	4000	2252	Galaxy S23 Ultra	
P1570	месяц в Питере/Эрмитаж/086.JPG	2023-07-15 18:03:17	59.94119	30.31376	30	4000	2252	Galaxy S23 Ultra	
P1571	месяц в Питере/Эрмитаж/087.JPG	2023-07-15 18:03:26	59.94119	30.31376	30	4000	2252	Galaxy S23 Ultra	
P1572	месяц в Питере/Эрмитаж/088.JPG	2023-07-15 18:03:27	59.94119	30.31376	30	4000	2252	Galaxy S23 Ultra	
P1573	месяц в Питере/Эрмитаж/089.JPG	2023-07-15 18:03:29	59.94119	30.31376	30	4000	2252	Galaxy S23 Ultra	
P1574	месяц в Питере/Эрмитаж/090.JPG	2023-07-15 18:03:33	59.94119	30.31376	30	4000	2252	Galaxy S23 Ultra	
P1575	месяц в Питере/Эрмитаж/091.JPG	2023-07-15 18:03:42	59.94119	30.31376	30	4000	2252	Galaxy S23 Ultra	
P1576	месяц в Питере/Эрмитаж/092.JPG	2023-07-15 18:03:45	59.94119	30.31376	30	4000	2252	Galaxy S23 Ultra	
P1577	месяц в Питере/Эрмитаж/093.JPG	2023-07-15 18:04:34	59.94127	30.31384	30	4000	2252	Galaxy S23 Ultra	
P1578	месяц в Питере/Эрмитаж/094.JPG	2023-07-15 18:04:36	59.94127	30.31384	30	4000	2252	Galaxy S23 Ultra	
P1579	месяц в Питере/Эрмитаж/095.JPG	2023-07-15 18:08:03	59.94099	30.31338	33	4000	2252	Galaxy S23 Ultra	
P1580	месяц в Питере/Эрмитаж/096.JPG	2023-07-15 18:08:05	59.94099	30.31338	33	4000	2252	Galaxy S23 Ultra	
P1581	месяц в Питере/Эрмитаж/097.JPG	2023-07-15 18:11:22	59.94099	30.31339	30	4000	2252	Galaxy S23 Ultra	
P1582	месяц в Питере/Эрмитаж/098.JPG	2023-07-15 18:11:38	59.94099	30.31339	30	4000	2252	Galaxy S23 Ultra	
P1583	месяц в Питере/Эрмитаж/099.JPG	2023-07-15 18:14:46	59.9408	30.31326	30	4000	2252	Galaxy S23 Ultra	
P1584	месяц в Питере/Эрмитаж/100.JPG	2023-07-15 18:14:53	59.9408	30.31326	30	4000	2252	Galaxy S23 Ultra	
P1585	месяц в Питере/Эрмитаж/101.JPG	2023-07-15 18:40:57	59.93976	30.31288	30	4000	2252	Galaxy S23 Ultra	
P1586	месяц в Питере/Эрмитаж/102.JPG	2023-07-15 18:46:00	59.9395	30.31308	21	4000	2252	Galaxy S23 Ultra	
P1587	месяц в Питере/Эрмитаж/103.JPG	2023-07-15 18:46:03	59.9395	30.31308	21	4000	2252	Galaxy S23 Ultra	
P1588	месяц в Питере/Эрмитаж/104.JPG	2023-07-15 18:46:06	59.93949	30.31314	30	4000	2252	Galaxy S23 Ultra	
P1589	месяц в Питере/Эрмитаж/105.JPG	2023-07-15 18:46:14	59.9395	30.31312	30	4000	2252	Galaxy S23 Ultra	
P1590	месяц в Питере/Эрмитаж/106.JPG	2023-07-15 18:47:39	59.9393	30.31313	30	4000	2252	Galaxy S23 Ultra	
P1591	месяц в Питере/Эрмитаж/107.JPG	2023-07-15 18:47:51	59.93929	30.31321	30	4000	2252	Galaxy S23 Ultra	
P1592	месяц в Питере/Эрмитаж/108.JPG	2023-07-15 18:47:53	59.93932	30.31331	30	4000	2252	Galaxy S23 Ultra	
P1593	месяц в Питере/Эрмитаж/109.JPG	2023-07-15 18:59:27	59.94032	30.31241	30	4000	2252	Galaxy S23 Ultra	
P1594	месяц в Питере/Эрмитаж/110.JPG	2023-07-15 19:00:17	59.94049	30.31234	30	4000	2252	Galaxy S23 Ultra	
P1595	месяц в Питере/Эрмитаж/111.JPG	2023-07-15 19:01:07	59.94043	30.3124	0	4000	2252	Galaxy S23 Ultra	
P1596	месяц в Питере/Эрмитаж/112.JPG	2023-07-15 19:01:11	59.94043	30.3124	0	4000	2252	Galaxy S23 Ultra	
P1597	месяц в Питере/Эрмитаж/113.JPG	2023-07-15 19:01:13	59.94043	30.3124	0	4000	2252	Galaxy S23 Ultra	
P1598	месяц в Питере/Эрмитаж/114.JPG	2023-07-15 19:01:15	59.94043	30.3124	0	4000	2252	Galaxy S23 Ultra	
P1599	месяц в Питере/Эрмитаж/115.JPG	2023-07-15 19:01:18	59.94043	30.3124	0	4000	2252	Galaxy S23 Ultra	
P1600	месяц в Питере/Эрмитаж/116.JPG	2023-07-15 19:12:57	59.94181	30.31487	66	4000	2252	Galaxy S23 Ultra	
P1601	месяц в Питере/Эрмитаж/117.JPG	2023-07-15 19:13:09	59.94179	30.31487	58	4000	2252	Galaxy S23 Ultra	
P1602	месяц в Питере/Эрмитаж/118.JPG	2023-07-15 19:13:29	59.94179	30.31487	0	4000	2252	Galaxy S23 Ultra	
P1603	месяц в Питере/Эрмитаж/119.JPG	2023-07-15 19:13:36	59.94179	30.31487	0	4000	2252	Galaxy S23 Ultra	
P1604	месяц в Питере/Эрмитаж/120.JPG	2023-07-15 19:13:55	59.94179	30.31487	0	4000	2252	Galaxy S23 Ultra	
P1605	месяц в Питере/Эрмитаж/121.JPG	2023-07-15 19:17:57	59.94241	30.31668	53	4000	2252	Galaxy S23 Ultra	
P1606	месяц в Питере/Эрмитаж/122.JPG	2023-07-15 19:18:01	59.9424	30.31662	47	4000	2252	Galaxy S23 Ultra	
P1607	месяц в Питере/Эрмитаж/123.JPG	2023-07-15 19:23:04	59.94212	30.31719	28	4000	2252	Galaxy S23 Ultra	
P1608	месяц в Питере/Эрмитаж/124.JPG	2023-07-15 19:23:07	59.94214	30.31703	10	4000	2252	Galaxy S23 Ultra	
P1609	месяц в Питере/Эрмитаж/125.JPG	2023-07-15 19:23:15	59.94214	30.31704	1	4000	2252	Galaxy S23 Ultra	
P1610	месяц в Питере/Эрмитаж/126.JPG	2023-07-15 19:25:24	59.94193	30.317	28	4000	2252	Galaxy S23 Ultra	
P1611	месяц в Питере/Эрмитаж/127.JPG	2023-07-15 19:25:30	59.94193	30.317	28	4000	2252	Galaxy S23 Ultra	
P1612	месяц в Питере/Эрмитаж/128.JPG	2023-07-15 19:30:40	59.94189	30.31643	0	4000	2252	Galaxy S23 Ultra	
P1613	месяц в Питере/Эрмитаж/129.JPG	2023-07-15 19:30:47	59.94189	30.31643	0	4000	2252	Galaxy S23 Ultra	
P1614	месяц в Питере/Эрмитаж/130.JPG	2023-07-15 19:30:49	59.94189	30.31643	0	4000	2252	Galaxy S23 Ultra	
P1615	месяц в Питере/Эрмитаж/131.JPG	2023-07-15 19:30:57	59.94189	30.31643	0	4000	2252	Galaxy S23 Ultra	
P1616	месяц в Питере/Эрмитаж/132.JPG	2023-07-15 19:34:38	59.94139	30.31793	29	4000	2252	Galaxy S23 Ultra	
P1617	месяц в Питере/Эрмитаж/133.JPG	2023-07-15 19:34:40	59.94139	30.31793	29	4000	2252	Galaxy S23 Ultra	
P1618	месяц в Питере/Эрмитаж/134.JPG	2023-07-15 19:34:50	59.94139	30.31793	29	4000	3000	Galaxy S23 Ultra	
P1619	месяц в Питере/Эрмитаж/135.JPG	2023-07-15 19:34:54	59.94139	30.31793	29	4000	3000	Galaxy S23 Ultra	
P1620	месяц в Питере/Эрмитаж/136.JPG	2023-07-15 19:34:55	59.94139	30.31793	29	4000	3000	Galaxy S23 Ultra	
P1621	месяц в Питере/Эрмитаж/137.JPG	2023-07-15 19:34:57	59.94139	30.31793	29	4000	3000	Galaxy S23 Ultra	
P1622	месяц в Питере/Эрмитаж/138.JPG	2023-07-15 19:41:01	59.94137	30.31752	18	4000	2252	Galaxy S23 Ultra	
P1623	месяц в Питере/Эрмитаж/139.JPG	2023-07-15 19:42:11	59.94134	30.31746	0	4000	2252	Galaxy S23 Ultra	
P1624	месяц в Питере/Эрмитаж/140.JPG	2023-07-15 19:42:16	59.94134	30.31746	0	4000	2252	Galaxy S23 Ultra	
P1625	месяц в Питере/Эрмитаж/141.JPG	2023-07-15 19:45:23	59.94125	30.31663	30	4000	2252	Galaxy S23 Ultra	
P1626	месяц в Питере/Эрмитаж/142.JPG	2023-07-15 19:45:32	59.94125	30.31663	30	4000	2252	Galaxy S23 Ultra	
P1627	месяц в Питере/Эрмитаж/143.JPG	2023-07-15 19:48:12	59.9416	30.31602	25	4000	2252	Galaxy S23 Ultra	
P1628	месяц в Питере/Эрмитаж/144.JPG	2023-07-15 19:48:23	59.9416	30.31602	25	4000	2252	Galaxy S23 Ultra	
P1629	месяц в Питере/Эрмитаж/145.JPG	2023-07-15 19:49:30	59.94173	30.31572	55	4000	2252	Galaxy S23 Ultra	
P1630	месяц в Питере/Эрмитаж/146.JPG	2023-07-15 19:49:41	59.94175	30.31561	25	4000	2252	Galaxy S23 Ultra	
P1631	месяц в Питере/Эрмитаж/147.JPG	2023-07-15 19:53:51	59.94128	30.31405	31	4000	2252	Galaxy S23 Ultra	
P1632	месяц в Питере/Эрмитаж/148.JPG	2023-07-15 19:53:53	59.94128	30.31405	31	4000	2252	Galaxy S23 Ultra	
P1633	месяц в Питере/Эрмитаж/149.JPG	2023-07-15 19:53:55	59.94128	30.31405	31	4000	2252	Galaxy S23 Ultra	
P1634	месяц в Питере/Юсуповский дворец/01.JPG	2023-07-30 16:28:59	59.92916	30.29912	27	4000	2252	Galaxy S23 Ultra	
P1635	месяц в Питере/Юсуповский дворец/02.JPG	2023-07-30 16:29:07	59.92916	30.29913	28	4000	2252	Galaxy S23 Ultra	
P1636	месяц в Питере/Юсуповский дворец/03.JPG	2023-07-30 16:29:09	59.92916	30.29913	28	4000	2252	Galaxy S23 Ultra	
P1637	месяц в Питере/Юсуповский дворец/04.JPG	2023-07-30 16:42:02				4000	2252	Galaxy S23 Ultra	
P1638	месяц в Питере/Юсуповский дворец/05.JPG	2023-07-30 16:42:47				4000	2252	Galaxy S23 Ultra	
P1639	месяц в Питере/Юсуповский дворец/06.JPG	2023-07-30 16:42:50				4000	2252	Galaxy S23 Ultra	
P1640	месяц в Питере/Юсуповский дворец/07.JPG	2023-07-30 16:42:56				4000	2252	Galaxy S23 Ultra	
P1641	месяц в Питере/Юсуповский дворец/08.JPG	2023-07-30 16:42:58				4000	2252	Galaxy S23 Ultra	
P1642	месяц в Питере/Юсуповский дворец/09.JPG	2023-07-30 16:43:16				4000	2252	Galaxy S23 Ultra	
P1643	месяц в Питере/Юсуповский дворец/10.JPG	2023-07-30 16:43:18				4000	2252	Galaxy S23 Ultra	
P1644	месяц в Питере/Юсуповский дворец/11.JPG	2023-07-30 16:43:21				4000	2252	Galaxy S23 Ultra	
P1645	месяц в Питере/Юсуповский дворец/12.JPG	2023-07-30 16:43:22				4000	2252	Galaxy S23 Ultra	
P1646	месяц в Питере/Юсуповский дворец/14.JPG	2023-07-30 16:44:21				4000	2252	Galaxy S23 Ultra	
P1647	месяц в Питере/Юсуповский дворец/16.JPG	2023-07-30 16:51:24				4000	2252	Galaxy S23 Ultra	
P1648	месяц в Питере/Юсуповский дворец/17.JPG	2023-07-30 16:51:29				4000	2252	Galaxy S23 Ultra	
P1649	месяц в Питере/Юсуповский дворец/18.JPG	2023-07-30 16:51:33				4000	2252	Galaxy S23 Ultra	
P1650	месяц в Питере/Юсуповский дворец/19.JPG	2023-07-30 16:51:55				4000	2252	Galaxy S23 Ultra	
P1651	месяц в Питере/Юсуповский дворец/21.JPG	2023-07-30 16:52:58				4000	2252	Galaxy S23 Ultra	
P1652	месяц в Питере/Юсуповский дворец/22.JPG	2023-07-30 16:53:01				4000	2252	Galaxy S23 Ultra	
P1653	месяц в Питере/Юсуповский дворец/23.JPG	2023-07-30 16:53:07				4000	3000	Galaxy S23 Ultra	
P1654	месяц в Питере/Юсуповский дворец/24.JPG	2023-07-30 16:53:31				4000	2252	Galaxy S23 Ultra	
P1655	месяц в Питере/Юсуповский дворец/25.JPG	2023-07-30 16:54:00				4000	2252	Galaxy S23 Ultra	
P1656	месяц в Питере/Юсуповский дворец/26.JPG	2023-07-30 16:54:03				4000	2252	Galaxy S23 Ultra	
P1657	месяц в Питере/Юсуповский дворец/27.JPG	2023-07-30 16:54:33				4000	2252	Galaxy S23 Ultra	
P1658	месяц в Питере/Юсуповский дворец/28.JPG	2023-07-30 16:55:15				4000	2252	Galaxy S23 Ultra	
P1659	месяц в Питере/Юсуповский дворец/29.JPG	2023-07-30 16:55:17				4000	2252	Galaxy S23 Ultra	
P1660	месяц в Питере/Юсуповский дворец/30.JPG	2023-07-30 16:57:47				4000	2252	Galaxy S23 Ultra	
P1661	месяц в Питере/Юсуповский дворец/31.JPG	2023-07-30 17:01:29				4000	2252	Galaxy S23 Ultra	
P1662	месяц в Питере/Юсуповский дворец/32.JPG	2023-07-30 17:01:31				4000	2252	Galaxy S23 Ultra	
P1663	месяц в Питере/Юсуповский дворец/33.JPG	2023-07-30 17:04:52				4000	2252	Galaxy S23 Ultra	
P1664	месяц в Питере/Юсуповский дворец/35.JPG	2023-07-30 17:05:02				4000	2252	Galaxy S23 Ultra	
P1665	месяц в Питере/Юсуповский дворец/36.JPG	2023-07-30 17:05:06				4000	2252	Galaxy S23 Ultra	
P1666	месяц в Питере/Юсуповский дворец/37.JPG	2023-07-30 17:06:31				4000	3000	Galaxy S23 Ultra	
P1667	месяц в Питере/Юсуповский дворец/38.JPG	2023-07-30 17:06:38				4000	2252	Galaxy S23 Ultra	
P1668	месяц в Питере/Юсуповский дворец/40.JPG	2023-07-30 17:07:24				4000	2252	Galaxy S23 Ultra	
P1669	месяц в Питере/Юсуповский дворец/41.JPG	2023-07-30 17:10:53				4000	2252	Galaxy S23 Ultra	
P1670	месяц в Питере/Юсуповский дворец/42.JPG	2023-07-30 17:10:56				4000	2252	Galaxy S23 Ultra	
P1671	месяц в Питере/Юсуповский дворец/43.JPG	2023-07-30 17:10:59				4000	2252	Galaxy S23 Ultra	
P1672	месяц в Питере/Юсуповский дворец/44.JPG	2023-07-30 17:11:04				4000	2252	Galaxy S23 Ultra	
P1673	месяц в Питере/Юсуповский дворец/45.JPG	2023-07-30 17:11:25				4000	2252	Galaxy S23 Ultra	
P1674	месяц в Питере/Юсуповский дворец/46.JPG	2023-07-30 17:11:43				4000	2252	Galaxy S23 Ultra	
P1675	месяц в Питере/Юсуповский дворец/47.JPG	2023-07-30 17:13:20				4000	2252	Galaxy S23 Ultra	
P1676	месяц в Питере/Юсуповский дворец/48.JPG	2023-07-30 17:13:30				4000	2252	Galaxy S23 Ultra	
P1677	месяц в Питере/Юсуповский дворец/49.JPG	2023-07-30 17:18:51				4000	2252	Galaxy S23 Ultra	
P1678	месяц в Питере/Юсуповский дворец/50.JPG	2023-07-30 17:18:55				4000	2252	Galaxy S23 Ultra	
P1679	месяц в Питере/Юсуповский дворец/51.JPG	2023-07-30 17:20:01				4000	2252	Galaxy S23 Ultra	
P1680	месяц в Питере/Юсуповский дворец/52.JPG	2023-07-30 17:20:05				4000	2252	Galaxy S23 Ultra	
P1681	месяц в Питере/Юсуповский дворец/53.JPG	2023-07-30 17:20:10				4000	2252	Galaxy S23 Ultra	
P1682	месяц в Питере/Юсуповский дворец/54.JPG	2023-07-30 17:20:57				4000	2252	Galaxy S23 Ultra	
P1683	месяц в Питере/Юсуповский дворец/55.JPG	2023-07-30 17:21:00				4000	2252	Galaxy S23 Ultra	
P1684	месяц в Питере/Юсуповский дворец/56.JPG	2023-07-30 17:21:01				4000	2252	Galaxy S23 Ultra	
P1685	месяц в Питере/Юсуповский дворец/57.JPG	2023-07-30 17:21:07				4000	2252	Galaxy S23 Ultra	
P1686	месяц в Питере/Юсуповский дворец/59.JPG	2023-07-30 17:22:17				4000	2252	Galaxy S23 Ultra	
P1687	месяц в Питере/Юсуповский дворец/60.JPG	2023-07-30 17:22:23				4000	2252	Galaxy S23 Ultra	
P1688	месяц в Питере/Юсуповский дворец/61.JPG	2023-07-30 17:22:39				3392	2544	Galaxy S23 Ultra	
P1689	месяц в Питере/Юсуповский дворец/62.JPG	2023-07-30 17:22:48				4000	3000	Galaxy S23 Ultra	
P1690	месяц в Питере/Юсуповский дворец/63.JPG	2023-07-30 17:22:54				4000	2252	Galaxy S23 Ultra	
P1691	месяц в Питере/Юсуповский дворец/64.JPG	2023-07-30 17:23:00				4000	2252	Galaxy S23 Ultra	
P1692	месяц в Питере/Юсуповский дворец/65.JPG	2023-07-30 17:23:01				4000	2252	Galaxy S23 Ultra	
P1693	месяц в Питере/Юсуповский дворец/66.JPG	2023-07-30 17:23:02				4000	2252	Galaxy S23 Ultra	
P1694	месяц в Питере/Юсуповский дворец/67.JPG	2023-07-30 17:34:47				4000	2252	Galaxy S23 Ultra	
P1695	месяц в Питере/Эрарта/Новая папка/021.JPG	2023-07-22 14:28:31	59.93245	30.25103	31	4000	2252	Galaxy S23 Ultra	
P1696	месяц в Питере/Эрарта/Новая папка/022.JPG	2023-07-22 14:28:34	59.93245	30.25103	31	4000	2252	Galaxy S23 Ultra	
P1697	месяц в Питере/Эрарта/Новая папка/023.JPG	2023-07-22 14:30:44	59.93235	30.25114	28	4000	2252	Galaxy S23 Ultra	
P1698	месяц в Питере/Эрарта/Новая папка/12.JPG	2023-08-03 21:23:51	59.93179	30.25158	40	4000	2252	Galaxy S23 Ultra	
P1699	месяц в Питере/Эрарта/Новая папка/13.JPG	2023-08-03 21:23:54	59.93179	30.25158	40	4000	2252	Galaxy S23 Ultra	
P1700	месяц в Питере/Эрарта/Новая папка/14.JPG	2023-08-03 21:28:16	59.93179	30.25172	42	4000	2252	Galaxy S23 Ultra	
P1701	месяц в Питере/Эрарта/Новая папка/15.JPG	2023-08-03 21:28:19	59.9318	30.25171	42	4000	2252	Galaxy S23 Ultra	
P1702	месяц в Питере/Эрарта/Новая папка/16.JPG	2023-08-03 21:29:22	59.93185	30.25178	27	4000	2252	Galaxy S23 Ultra	
P1703	месяц в Питере/Эрарта/Новая папка/17.JPG	2023-08-03 21:29:30	59.93186	30.25181	30	4000	2252	Galaxy S23 Ultra	
P1704	месяц в Питере/Эрарта/Эрарта по 200 рублей/06.JPG	2023-08-03 20:53:25	59.93172	30.25127	24	4000	2252	Galaxy S23 Ultra	
P1705	месяц в Питере/Эрарта/Эрарта по 200 рублей/07.JPG	2023-08-03 20:53:40	59.93172	30.25127	24	4000	2252	Galaxy S23 Ultra	
P1706	месяц в Питере/Эрарта/Эрарта по 200 рублей/08.JPG	2023-08-03 20:55:20	59.93174	30.25129	21	4000	2252	Galaxy S23 Ultra	
P1707	месяц в Питере/Эрарта/Эрарта по 200 рублей/09.JPG	2023-08-03 20:55:38	59.93174	30.25129	21	4000	2252	Galaxy S23 Ultra	
P1708	месяц в Питере/Эрарта/Эрарта по 200 рублей/20.JPG	2023-08-03 21:40:42	59.9318	30.25115	36	4000	3000	Galaxy S23 Ultra	
P1709	месяц в Питере/Эрарта/Эрарта по 200 рублей/21.JPG	2023-08-03 21:40:48	59.9318	30.25115	36	4000	3000	Galaxy S23 Ultra	
P1710	месяц в Питере/Эрарта/Эрарта по 200 рублей/22.JPG	2023-08-03 21:40:56	59.9318	30.25115	36	4000	2252	Galaxy S23 Ultra	
P1711	месяц в Питере/Эрарта/Эрарта по 200 рублей/23.JPG	2023-08-03 21:40:59	59.9318	30.25115	36	4000	2252	Galaxy S23 Ultra	
P1712	месяц в Питере/Эрарта/Эрарта по 200 рублей/24.JPG	2023-08-03 21:41:01	59.9318	30.25115	36	4000	2252	Galaxy S23 Ultra	
P1713	месяц в Питере/Эрарта/Эрарта по 200 рублей/25.JPG	2023-08-03 21:41:12	59.9318	30.25115	36	4000	2252	Galaxy S23 Ultra	